Title,Price,Location,Link,Distance,Review_Score,Review_Score_,Number_Of_Reviews,Room_Type,Max_Persons,Room_Info,Rooms_Left,Details,Field
"MG IRIS HOTEL
Opens in new window","₹ 8,100",Tirupati,https://www.booking.com/hotel/in/mg-iris.html?label=gog235jc-1DCAEoggI46AdIM1gDaGyIAQGYATG4ARfIAQ_YAQPoAQH4AQKIAgGoAgO4Asq39JIGwAIB0gIkMmVkMTZlMGQtMTgwNS00ZjExLWE2N2UtN2I4ZTFmZTZiNDhi2AIE4AIB&sid=9ba4999c4e929c8e359d6d62c14c1061&aid=397594&ucfs=1&arphpl=1&checkin=2022-04-22&checkout=2022-04-25&dest_id=-2113256&dest_type=city&group_adults=2&req_adults=2&no_rooms=1&group_children=0&req_children=0&hpos=1&hapos=1&sr_order=popularity&srpvid=d7223900e73b04ad&srepoch=1650269187&all_sr_blocks=750912901_331508780_2_1_0&highlighted_blocks=750912901_331508780_2_1_0&matching_block_id=750912901_331508780_2_1_0&sr_pri_blocks=750912901_331508780_2_1_0__810000&from=searchresults#hotelTmpl,300 m from center,7.5,Good ,144 reviews,Budget Double or Twin Room,"3 nights, 2 adults",2 twin beds,,"Budget Double or Twin Room
2 twin beds
Breakfast included
FREE cancellation • No prepayment needed
You can cancel later, so lock in this great price today!
Only 5 rooms left at this price on our site",
"Raj Park- Hill View
Opens in new window","₹ 11,220",Tirupati,https://www.booking.com/hotel/in/raj-park-tirupati.html?label=gog235jc-1DCAEoggI46AdIM1gDaGyIAQGYATG4ARfIAQ_YAQPoAQH4AQKIAgGoAgO4Asq39JIGwAIB0gIkMmVkMTZlMGQtMTgwNS00ZjExLWE2N2UtN2I4ZTFmZTZiNDhi2AIE4AIB&sid=9ba4999c4e929c8e359d6d62c14c1061&aid=397594&ucfs=1&arphpl=1&checkin=2022-04-22&checkout=2022-04-25&dest_id=-2113256&dest_type=city&group_adults=2&req_adults=2&no_rooms=1&group_children=0&req_children=0&hpos=2&hapos=2&sr_order=popularity&srpvid=d7223900e73b04ad&srepoch=1650269187&all_sr_blocks=73436402_288290861_2_1_0&highlighted_blocks=73436402_288290861_2_1_0&matching_block_id=73436402_288290861_2_1_0&sr_pri_blocks=73436402_288290861_2_1_0__1122000&from=searchresults#hotelTmpl,2.3 km from center,7.2,Good ,200 reviews,Superior Double or Twin Room,"3 nights, 2 adults",Multiple bed types,,"Superior Double or Twin Room
Multiple bed types
Breakfast included
FREE cancellation • No prepayment needed
You can cancel later, so lock in this great price today!",
"Taj Tirupati
Opens in new window","₹ 27,000",Tirupati,https://www.booking.com/hotel/in/taj-tirupati.html?label=gog235jc-1DCAEoggI46AdIM1gDaGyIAQGYATG4ARfIAQ_YAQPoAQH4AQKIAgGoAgO4Asq39JIGwAIB0gIkMmVkMTZlMGQtMTgwNS00ZjExLWE2N2UtN2I4ZTFmZTZiNDhi2AIE4AIB&sid=9ba4999c4e929c8e359d6d62c14c1061&aid=397594&ucfs=1&arphpl=1&checkin=2022-04-22&checkout=2022-04-25&dest_id=-2113256&dest_type=city&group_adults=2&req_adults=2&no_rooms=1&group_children=0&req_children=0&hpos=3&hapos=3&sr_order=popularity&srpvid=d7223900e73b04ad&srepoch=1650269187&all_sr_blocks=573339801_342262871_2_42_0&highlighted_blocks=573339801_342262871_2_42_0&matching_block_id=573339801_342262871_2_42_0&sr_pri_blocks=573339801_342262871_2_42_0__2700000&from_sustainable_property_sr=1&from=searchresults#hotelTmpl,3.2 km from center,8.4,Very Good ,496 reviews,Superior King Room,"3 nights, 2 adults",1 king bed,,"Superior King Room
1 king bed
Free cancellation
You can cancel later, so lock in this great price today!",
"Hotel Mount View Comforts
Opens in new window","₹ 11,484",Tirupati,https://www.booking.com/hotel/in/mountview-comforts.html?label=gog235jc-1DCAEoggI46AdIM1gDaGyIAQGYATG4ARfIAQ_YAQPoAQH4AQKIAgGoAgO4Asq39JIGwAIB0gIkMmVkMTZlMGQtMTgwNS00ZjExLWE2N2UtN2I4ZTFmZTZiNDhi2AIE4AIB&sid=9ba4999c4e929c8e359d6d62c14c1061&aid=397594&ucfs=1&arphpl=1&checkin=2022-04-22&checkout=2022-04-25&dest_id=-2113256&dest_type=city&group_adults=2&req_adults=2&no_rooms=1&group_children=0&req_children=0&hpos=4&hapos=4&sr_order=popularity&srpvid=d7223900e73b04ad&srepoch=1650269187&all_sr_blocks=704484310_331254547_0_2_0&highlighted_blocks=704484310_331254547_0_2_0&matching_block_id=704484310_331254547_0_2_0&sr_pri_blocks=704484310_331254547_0_2_0__1148400&from_sustainable_property_sr=1&from=searchresults#hotelTmpl,2 km from center,9.0,Wonderful ,51 reviews,Deluxe Room,"3 nights, 2 adults","3 beds (2 twins, 1 king)",,"Deluxe Room
3 beds (2 twins, 1 king)
Free cancellation
You can cancel later, so lock in this great price today!
Only 7 rooms left at this price on our site",
"Fortune Select Grand Ridge - Member ITC Hotel Group
Opens in new window","₹ 14,850",Tirupati,https://www.booking.com/hotel/in/grand-ridge.html?label=gog235jc-1DCAEoggI46AdIM1gDaGyIAQGYATG4ARfIAQ_YAQPoAQH4AQKIAgGoAgO4Asq39JIGwAIB0gIkMmVkMTZlMGQtMTgwNS00ZjExLWE2N2UtN2I4ZTFmZTZiNDhi2AIE4AIB&sid=9ba4999c4e929c8e359d6d62c14c1061&aid=397594&ucfs=1&arphpl=1&checkin=2022-04-22&checkout=2022-04-25&dest_id=-2113256&dest_type=city&group_adults=2&req_adults=2&no_rooms=1&group_children=0&req_children=0&hpos=6&hapos=6&sr_order=popularity&srpvid=d7223900e73b04ad&srepoch=1650269187&all_sr_blocks=47312201_88883444_3_42_0&highlighted_blocks=47312201_88883444_3_42_0&matching_block_id=47312201_88883444_3_42_0&sr_pri_blocks=47312201_88883444_3_42_0__1485000&from_sustainable_property_sr=1&from=searchresults#hotelTmpl,2.8 km from center,7.4,Good ,698 reviews,Standard Double Room,"3 nights, 2 adults",Multiple bed types,,"Standard Double Room
Multiple bed types",
"Marasa Sarovar Premiere
Opens in new window","₹ 21,600",Tirupati,https://www.booking.com/hotel/in/marasa-sarovar-premiere.html?label=gog235jc-1DCAEoggI46AdIM1gDaGyIAQGYATG4ARfIAQ_YAQPoAQH4AQKIAgGoAgO4Asq39JIGwAIB0gIkMmVkMTZlMGQtMTgwNS00ZjExLWE2N2UtN2I4ZTFmZTZiNDhi2AIE4AIB&sid=9ba4999c4e929c8e359d6d62c14c1061&aid=397594&ucfs=1&arphpl=1&checkin=2022-04-22&checkout=2022-04-25&dest_id=-2113256&dest_type=city&group_adults=2&req_adults=2&no_rooms=1&group_children=0&req_children=0&hpos=5&hapos=5&sr_order=popularity&srpvid=d7223900e73b04ad&srepoch=1650269187&all_sr_blocks=130089002_296891511_2_42_0&highlighted_blocks=130089002_296891511_2_42_0&matching_block_id=130089002_296891511_2_42_0&sr_pri_blocks=130089002_296891511_2_42_0__2160000&from_sustainable_property_sr=1&from=searchresults#hotelTmpl,3.1 km from center,7.2,Good ,874 reviews,Deluxe Double Room,"3 nights, 2 adults","2 beds (1 full, 1 futon)",,"Deluxe Double Room
2 beds (1 full, 1 futon)
Free cancellation
You can cancel later, so lock in this great price today!",
"OYO 67796 Sree Guru Lakshmi Residency
Opens in new window","₹ 6,624",Tirupati,https://www.booking.com/hotel/in/oyo-67796-sree-guru-lakshmi-residency.html?label=gog235jc-1DCAEoggI46AdIM1gDaGyIAQGYATG4ARfIAQ_YAQPoAQH4AQKIAgGoAgO4Asq39JIGwAIB0gIkMmVkMTZlMGQtMTgwNS00ZjExLWE2N2UtN2I4ZTFmZTZiNDhi2AIE4AIB&sid=9ba4999c4e929c8e359d6d62c14c1061&aid=397594&ucfs=1&arphpl=1&checkin=2022-04-22&checkout=2022-04-25&dest_id=-2113256&dest_type=city&group_adults=2&req_adults=2&no_rooms=1&group_children=0&req_children=0&hpos=7&hapos=7&sr_order=popularity&srpvid=d7223900e73b04ad&srepoch=1650269187&all_sr_blocks=618315902_348342639_2_0_0&highlighted_blocks=618315902_348342639_2_0_0&matching_block_id=618315902_348342639_2_0_0&sr_pri_blocks=618315902_348342639_2_0_0__662417&from=searchresults#hotelTmpl,0.5 km from center,7.5,Good ,42 reviews,Deluxe Triple Room,"3 nights, 2 adults",1 king bed,,"Deluxe Triple Room
1 king bed
Free cancellation
You can cancel later, so lock in this great price today!",
"FabHotel Aditya Yatri Nivas
Opens in new window","₹ 5,085",Tirupati,https://www.booking.com/hotel/in/fabhotel-aditya-yatri-nivas.html?label=gog235jc-1DCAEoggI46AdIM1gDaGyIAQGYATG4ARfIAQ_YAQPoAQH4AQKIAgGoAgO4Asq39JIGwAIB0gIkMmVkMTZlMGQtMTgwNS00ZjExLWE2N2UtN2I4ZTFmZTZiNDhi2AIE4AIB&sid=9ba4999c4e929c8e359d6d62c14c1061&aid=397594&ucfs=1&arphpl=1&checkin=2022-04-22&checkout=2022-04-25&dest_id=-2113256&dest_type=city&group_adults=2&req_adults=2&no_rooms=1&group_children=0&req_children=0&hpos=8&hapos=8&sr_order=popularity&srpvid=d7223900e73b04ad&srepoch=1650269187&all_sr_blocks=406806405_331254910_0_1_0&highlighted_blocks=406806405_331254910_0_1_0&matching_block_id=406806405_331254910_0_1_0&sr_pri_blocks=406806405_331254910_0_1_0__508521&from_sustainable_property_sr=1&from=searchresults#hotelTmpl,1.9 km from center,8.3,Very Good ,159 reviews,(Sanitized) Deluxe Room,"3 nights, 2 adults",1 full bed,,"(Sanitized) Deluxe Room
1 full bed
Breakfast included
Free cancellation
You can cancel later, so lock in this great price today!
Only 5 rooms left at this price on our site",
"Renest Tirupati
Opens in new window","₹ 11,642",Tirupati,https://www.booking.com/hotel/in/vihas-hotels.html?label=gog235jc-1DCAEoggI46AdIM1gDaGyIAQGYATG4ARfIAQ_YAQPoAQH4AQKIAgGoAgO4Asq39JIGwAIB0gIkMmVkMTZlMGQtMTgwNS00ZjExLWE2N2UtN2I4ZTFmZTZiNDhi2AIE4AIB&sid=9ba4999c4e929c8e359d6d62c14c1061&aid=397594&ucfs=1&arphpl=1&checkin=2022-04-22&checkout=2022-04-25&dest_id=-2113256&dest_type=city&group_adults=2&req_adults=2&no_rooms=1&group_children=0&req_children=0&hpos=9&hapos=9&sr_order=popularity&srpvid=d7223900e73b04ad&srepoch=1650269187&all_sr_blocks=106521704_247878908_2_41_0&highlighted_blocks=106521704_247878908_2_41_0&matching_block_id=106521704_247878908_2_41_0&sr_pri_blocks=106521704_247878908_2_41_0__1164245&from=searchresults#hotelTmpl,1.4 km from center,7.1,Good ,83 reviews,King Room,"3 nights, 2 adults",1 queen bed,,"King Room
1 queen bed
Breakfast included
Free cancellation
You can cancel later, so lock in this great price today!",
"HOTEL PARK KRISHNA
Opens in new window","₹ 7,900",Tirupati,https://www.booking.com/hotel/in/park-krishna.html?label=gog235jc-1DCAEoggI46AdIM1gDaGyIAQGYATG4ARfIAQ_YAQPoAQH4AQKIAgGoAgO4Asq39JIGwAIB0gIkMmVkMTZlMGQtMTgwNS00ZjExLWE2N2UtN2I4ZTFmZTZiNDhi2AIE4AIB&sid=9ba4999c4e929c8e359d6d62c14c1061&aid=397594&ucfs=1&arphpl=1&checkin=2022-04-22&checkout=2022-04-25&dest_id=-2113256&dest_type=city&group_adults=2&req_adults=2&no_rooms=1&group_children=0&req_children=0&hpos=10&hapos=10&sr_order=popularity&srpvid=d7223900e73b04ad&srepoch=1650269187&all_sr_blocks=804365505_341823813_0_2_0&highlighted_blocks=804365505_341823813_0_2_0&matching_block_id=804365505_341823813_0_2_0&sr_pri_blocks=804365505_341823813_0_2_0__790000&from=searchresults#hotelTmpl,1.4 km from center,9.0,Wonderful ,81 reviews,Standard Double Room,"3 nights, 2 adults",1 king bed,,"Standard Double Room
1 king bed
FREE cancellation • No prepayment needed
You can cancel later, so lock in this great price today!
Only 2 rooms left at this price on our site",
"Sree Service apartments
Opens in new window","₹ 29,997",Tirupati,https://www.booking.com/hotel/in/sree-service-apartments.html?label=gog235jc-1DCAEoggI46AdIM1gDaGyIAQGYATG4ARfIAQ_YAQPoAQH4AQKIAgGoAgO4Asq39JIGwAIB0gIkMmVkMTZlMGQtMTgwNS00ZjExLWE2N2UtN2I4ZTFmZTZiNDhi2AIE4AIB&sid=9ba4999c4e929c8e359d6d62c14c1061&aid=397594&ucfs=1&arphpl=1&checkin=2022-04-22&checkout=2022-04-25&dest_id=-2113256&dest_type=city&group_adults=2&req_adults=2&no_rooms=1&group_children=0&req_children=0&hpos=11&hapos=11&sr_order=popularity&srpvid=d7223900e73b04ad&srepoch=1650269187&all_sr_blocks=540389301_241012386_4_0_0&highlighted_blocks=540389301_241012386_4_0_0&matching_block_id=540389301_241012386_4_0_0&sr_pri_blocks=540389301_241012386_4_0_0__2999700&from_sustainable_property_sr=1&from=searchresults#hotelTmpl,2.2 km from center,8.7,Excellent ,184 reviews,Two-Bedroom Apartment,"3 nights, 2 adults","Entire apartment • 2 bedrooms • 1 living room • 2 bathrooms • 119m²
3 beds (2 fulls, 1 sofa bed)",,"Two-Bedroom Apartment
Entire apartment • 2 bedrooms • 1 living room • 2 bathrooms • 119m²
3 beds (2 fulls, 1 sofa bed)
FREE cancellation • No prepayment needed
You can cancel later, so lock in this great price today!
Only 1 left at this price on our site",
"Nayath Serviced Apartments
Opens in new window","₹ 11,250",Tirupati,https://www.booking.com/hotel/in/nayath-residency.html?label=gog235jc-1DCAEoggI46AdIM1gDaGyIAQGYATG4ARfIAQ_YAQPoAQH4AQKIAgGoAgO4Asq39JIGwAIB0gIkMmVkMTZlMGQtMTgwNS00ZjExLWE2N2UtN2I4ZTFmZTZiNDhi2AIE4AIB&sid=9ba4999c4e929c8e359d6d62c14c1061&aid=397594&ucfs=1&arphpl=1&checkin=2022-04-22&checkout=2022-04-25&dest_id=-2113256&dest_type=city&group_adults=2&req_adults=2&no_rooms=1&group_children=0&req_children=0&hpos=12&hapos=12&sr_order=popularity&srpvid=d7223900e73b04ad&srepoch=1650269187&all_sr_blocks=137782501_343992750_6_0_0&highlighted_blocks=137782501_343992750_6_0_0&matching_block_id=137782501_343992750_6_0_0&sr_pri_blocks=137782501_343992750_6_0_0__1125000&from_sustainable_property_sr=1&from=searchresults#hotelTmpl,1.1 km from center,8.1,Very Good ,237 reviews,Two-Bedroom Apartment - A/C,"3 nights, 2 adults","Entire apartment • 2 bedrooms • 1 living room • 2 bathrooms • 102m²
4 beds (2 fulls, 2 sofa beds)",,"Two-Bedroom Apartment - A/C
Entire apartment • 2 bedrooms • 1 living room • 2 bathrooms • 102m²
4 beds (2 fulls, 2 sofa beds)
Free cancellation
You can cancel later, so lock in this great price today!
Only 1 left at this price on our site",
"Hotel Kalyan Residency
Opens in new window","₹ 7,800",Tirupati,https://www.booking.com/hotel/in/kalyan-residency.html?label=gog235jc-1DCAEoggI46AdIM1gDaGyIAQGYATG4ARfIAQ_YAQPoAQH4AQKIAgGoAgO4Asq39JIGwAIB0gIkMmVkMTZlMGQtMTgwNS00ZjExLWE2N2UtN2I4ZTFmZTZiNDhi2AIE4AIB&sid=9ba4999c4e929c8e359d6d62c14c1061&aid=397594&ucfs=1&arphpl=1&checkin=2022-04-22&checkout=2022-04-25&dest_id=-2113256&dest_type=city&group_adults=2&req_adults=2&no_rooms=1&group_children=0&req_children=0&hpos=13&hapos=13&sr_order=popularity&srpvid=d7223900e73b04ad&srepoch=1650269187&all_sr_blocks=90168101_335238018_2_2_0&highlighted_blocks=90168101_335238018_2_2_0&matching_block_id=90168101_335238018_2_2_0&sr_pri_blocks=90168101_335238018_2_2_0__780000&from=searchresults#hotelTmpl,300 m from center,6.9,Review score ,51 reviews,Executive Double Room,"3 nights, 2 adults",1 full bed,,"Executive Double Room
1 full bed
FREE cancellation • No prepayment needed
You can cancel later, so lock in this great price today!",
"Hotel Govind Heights
Opens in new window","₹ 3,747",Tirupati,https://www.booking.com/hotel/in/govind-heights-tirupati.html?label=gog235jc-1DCAEoggI46AdIM1gDaGyIAQGYATG4ARfIAQ_YAQPoAQH4AQKIAgGoAgO4Asq39JIGwAIB0gIkMmVkMTZlMGQtMTgwNS00ZjExLWE2N2UtN2I4ZTFmZTZiNDhi2AIE4AIB&sid=9ba4999c4e929c8e359d6d62c14c1061&aid=397594&ucfs=1&arphpl=1&checkin=2022-04-22&checkout=2022-04-25&dest_id=-2113256&dest_type=city&group_adults=2&req_adults=2&no_rooms=1&group_children=0&req_children=0&hpos=14&hapos=14&sr_order=popularity&srpvid=d7223900e73b04ad&srepoch=1650269187&all_sr_blocks=218900501_341045822_0_0_0&highlighted_blocks=218900501_341045822_0_0_0&matching_block_id=218900501_341045822_0_0_0&sr_pri_blocks=218900501_341045822_0_0_0__374700&from=searchresults#hotelTmpl,0.5 km from center,5.6,Review score ,164 reviews,Standard Double Room with Fan,"3 nights, 2 adults",1 full bed,Only 1 room left at this price on our site,"Standard Double Room with Fan
1 full bed
Only 1 room left at this price on our site",
"FabHotel Hillbottom Stays
Opens in new window","₹ 5,761",Tirupati,https://www.booking.com/hotel/in/hillbottom-stays.html?label=gog235jc-1DCAEoggI46AdIM1gDaGyIAQGYATG4ARfIAQ_YAQPoAQH4AQKIAgGoAgO4Asq39JIGwAIB0gIkMmVkMTZlMGQtMTgwNS00ZjExLWE2N2UtN2I4ZTFmZTZiNDhi2AIE4AIB&sid=9ba4999c4e929c8e359d6d62c14c1061&aid=397594&ucfs=1&arphpl=1&checkin=2022-04-22&checkout=2022-04-25&dest_id=-2113256&dest_type=city&group_adults=2&req_adults=2&no_rooms=1&group_children=0&req_children=0&hpos=15&hapos=15&sr_order=popularity&srpvid=d7223900e73b04ad&srepoch=1650269187&all_sr_blocks=700465504_331254561_2_0_0&highlighted_blocks=700465504_331254561_2_0_0&matching_block_id=700465504_331254561_2_0_0&sr_pri_blocks=700465504_331254561_2_0_0__576135&from_sustainable_property_sr=1&from=searchresults#hotelTmpl,1.6 km from center,7.3,Good ,19 reviews,Deluxe Room,"3 nights, 2 adults",1 full bed,,"Deluxe Room
1 full bed
Free cancellation
You can cancel later, so lock in this great price today!
Only 7 rooms left at this price on our site",
"OYO 38026 Chhatrapati Residency
Opens in new window","₹ 5,122",Tirupati,https://www.booking.com/hotel/in/oyo-38026-chhatrapati-residency-saver.html?label=gog235jc-1DCAEoggI46AdIM1gDaGyIAQGYATG4ARfIAQ_YAQPoAQH4AQKIAgGoAgO4Asq39JIGwAIB0gIkMmVkMTZlMGQtMTgwNS00ZjExLWE2N2UtN2I4ZTFmZTZiNDhi2AIE4AIB&sid=9ba4999c4e929c8e359d6d62c14c1061&aid=397594&ucfs=1&arphpl=1&checkin=2022-04-22&checkout=2022-04-25&dest_id=-2113256&dest_type=city&group_adults=2&req_adults=2&no_rooms=1&group_children=0&req_children=0&hpos=16&hapos=16&sr_order=popularity&srpvid=d7223900e73b04ad&srepoch=1650269187&all_sr_blocks=523705802_328177058_2_0_0&highlighted_blocks=523705802_328177058_2_0_0&matching_block_id=523705802_328177058_2_0_0&sr_pri_blocks=523705802_328177058_2_0_0__512207&from=searchresults#hotelTmpl,0.6 km from center,5.0,Review score ,4 reviews,Small Double Room,"3 nights, 2 adults",1 king bed,,"Small Double Room
1 king bed
Free cancellation
You can cancel later, so lock in this great price today!
Only 6 rooms left at this price on our site",
"Treebo Trend SLS Grand
Opens in new window","₹ 6,538",Tirupati,https://www.booking.com/hotel/in/treebo-trend-sls-grand.html?label=gog235jc-1DCAEoggI46AdIM1gDaGyIAQGYATG4ARfIAQ_YAQPoAQH4AQKIAgGoAgO4Asq39JIGwAIB0gIkMmVkMTZlMGQtMTgwNS00ZjExLWE2N2UtN2I4ZTFmZTZiNDhi2AIE4AIB&sid=9ba4999c4e929c8e359d6d62c14c1061&aid=397594&ucfs=1&arphpl=1&checkin=2022-04-22&checkout=2022-04-25&dest_id=-2113256&dest_type=city&group_adults=2&req_adults=2&no_rooms=1&group_children=0&req_children=0&hpos=17&hapos=17&sr_order=popularity&srpvid=d7223900e73b04ad&srepoch=1650269187&all_sr_blocks=547986201_350617567_2_1_0&highlighted_blocks=547986201_350617567_2_1_0&matching_block_id=547986201_350617567_2_1_0&sr_pri_blocks=547986201_350617567_2_1_0__653750&from=searchresults#hotelTmpl,450 m from center,7.0,Good ,469 reviews,[Sanitized] Standard Double or Twin Room,"3 nights, 2 adults",Multiple bed types,,"[Sanitized] Standard Double or Twin Room
Multiple bed types
Breakfast included
Free cancellation
You can cancel later, so lock in this great price today!",
"Hotel PLR Grand
Opens in new window","₹ 8,421",Tirupati,https://www.booking.com/hotel/in/plr-grand.html?label=gog235jc-1DCAEoggI46AdIM1gDaGyIAQGYATG4ARfIAQ_YAQPoAQH4AQKIAgGoAgO4Asq39JIGwAIB0gIkMmVkMTZlMGQtMTgwNS00ZjExLWE2N2UtN2I4ZTFmZTZiNDhi2AIE4AIB&sid=9ba4999c4e929c8e359d6d62c14c1061&aid=397594&ucfs=1&arphpl=1&checkin=2022-04-22&checkout=2022-04-25&dest_id=-2113256&dest_type=city&group_adults=2&req_adults=2&no_rooms=1&group_children=0&req_children=0&hpos=18&hapos=18&sr_order=popularity&srpvid=d7223900e73b04ad&srepoch=1650269187&all_sr_blocks=90339202_88887897_2_2_0&highlighted_blocks=90339202_88887897_2_2_0&matching_block_id=90339202_88887897_2_2_0&sr_pri_blocks=90339202_88887897_2_2_0__842076&from_sustainable_property_sr=1&from=searchresults#hotelTmpl,300 m from center,6.3,Review score ,298 reviews,Deluxe Double Room,"3 nights, 2 adults",Multiple bed types,,"Deluxe Double Room
Multiple bed types",
"ASR Guesthouse
Opens in new window","₹ 5,400",Tirupati,https://www.booking.com/hotel/in/asrguesthouse.html?label=gog235jc-1DCAEoggI46AdIM1gDaGyIAQGYATG4ARfIAQ_YAQPoAQH4AQKIAgGoAgO4Asq39JIGwAIB0gIkMmVkMTZlMGQtMTgwNS00ZjExLWE2N2UtN2I4ZTFmZTZiNDhi2AIE4AIB&sid=9ba4999c4e929c8e359d6d62c14c1061&aid=397594&ucfs=1&arphpl=1&checkin=2022-04-22&checkout=2022-04-25&dest_id=-2113256&dest_type=city&group_adults=2&req_adults=2&no_rooms=1&group_children=0&req_children=0&hpos=19&hapos=19&sr_order=popularity&srpvid=d7223900e73b04ad&srepoch=1650269187&all_sr_blocks=421301202_206544680_2_0_0&highlighted_blocks=421301202_206544680_2_0_0&matching_block_id=421301202_206544680_2_0_0&sr_pri_blocks=421301202_206544680_2_0_0__540000&from=searchresults#hotelTmpl,0.7 km from center,7.9,Good ,85 reviews,Superior Double Room,"3 nights, 2 adults",2 twin beds,,"Superior Double Room
2 twin beds
Free cancellation
You can cancel later, so lock in this great price today!
Only 3 rooms left at this price on our site",
"Bhanu Residency
Opens in new window","₹ 3,600",Tirupati,https://www.booking.com/hotel/in/bhanu-residency.html?label=gog235jc-1DCAEoggI46AdIM1gDaGyIAQGYATG4ARfIAQ_YAQPoAQH4AQKIAgGoAgO4Asq39JIGwAIB0gIkMmVkMTZlMGQtMTgwNS00ZjExLWE2N2UtN2I4ZTFmZTZiNDhi2AIE4AIB&sid=9ba4999c4e929c8e359d6d62c14c1061&aid=397594&ucfs=1&arphpl=1&checkin=2022-04-22&checkout=2022-04-25&dest_id=-2113256&dest_type=city&group_adults=2&req_adults=2&no_rooms=1&group_children=0&req_children=0&hpos=20&hapos=20&sr_order=popularity&srpvid=d7223900e73b04ad&srepoch=1650269187&all_sr_blocks=133271005_188175996_2_0_0&highlighted_blocks=133271005_188175996_2_0_0&matching_block_id=133271005_188175996_2_0_0&sr_pri_blocks=133271005_188175996_2_0_0__360000&from=searchresults#hotelTmpl,2.4 km from center,5.7,Review score ,288 reviews,Superior Deluxe Double or Twin Room ,"3 nights, 2 adults",Multiple bed types,,"Superior Deluxe Double or Twin Room
Multiple bed types
FREE cancellation • No prepayment needed
You can cancel later, so lock in this great price today!
Only 2 rooms left at this price on our site",
"OYO 76010 Hotel Jayalakshmi Residency
Opens in new window","₹ 4,887",Tirupati,https://www.booking.com/hotel/in/oyo-flagship-41985-jayalakshmi-residency.html?label=gog235jc-1DCAEoggI46AdIM1gDaGyIAQGYATG4ARfIAQ_YAQPoAQH4AQKIAgGoAgO4Asq39JIGwAIB0gIkMmVkMTZlMGQtMTgwNS00ZjExLWE2N2UtN2I4ZTFmZTZiNDhi2AIE4AIB&sid=9ba4999c4e929c8e359d6d62c14c1061&aid=397594&ucfs=1&arphpl=1&checkin=2022-04-22&checkout=2022-04-25&dest_id=-2113256&dest_type=city&group_adults=2&req_adults=2&no_rooms=1&group_children=0&req_children=0&hpos=21&hapos=21&sr_order=popularity&srpvid=d7223900e73b04ad&srepoch=1650269187&all_sr_blocks=531040202_328184204_2_0_0&highlighted_blocks=531040202_328184204_2_0_0&matching_block_id=531040202_328184204_2_0_0&sr_pri_blocks=531040202_328184204_2_0_0__488702&from=searchresults#hotelTmpl,1.1 km from center,5.4,Review score ,18 reviews,Small Double Room,"3 nights, 2 adults",1 queen bed,,"Small Double Room
1 queen bed
Free cancellation
You can cancel later, so lock in this great price today!
Only 2 rooms left at this price on our site",
"Collection O O 82449 Hotel Srinivasa Residency
Opens in new window","₹ 3,463",Tirupati,https://www.booking.com/hotel/in/capital-o-82449-srinivasa-residency.html?label=gog235jc-1DCAEoggI46AdIM1gDaGyIAQGYATG4ARfIAQ_YAQPoAQH4AQKIAgGoAgO4Asq39JIGwAIB0gIkMmVkMTZlMGQtMTgwNS00ZjExLWE2N2UtN2I4ZTFmZTZiNDhi2AIE4AIB&sid=9ba4999c4e929c8e359d6d62c14c1061&aid=397594&ucfs=1&arphpl=1&checkin=2022-04-22&checkout=2022-04-25&dest_id=-2113256&dest_type=city&group_adults=2&req_adults=2&no_rooms=1&group_children=0&req_children=0&hpos=23&hapos=23&sr_order=popularity&srpvid=d7223900e73b04ad&srepoch=1650269187&all_sr_blocks=779720803_337808982_2_0_0&highlighted_blocks=779720803_337808982_2_0_0&matching_block_id=779720803_337808982_2_0_0&sr_pri_blocks=779720803_337808982_2_0_0__346299&from_sustainable_property_sr=1&from=searchresults#hotelTmpl,1.1 km from center,5.1,Review score ,10 reviews,Double Room,"3 nights, 2 adults",1 king bed,,"Double Room
1 king bed
FREE cancellation • No prepayment needed
You can cancel later, so lock in this great price today!",
"OYO 78694 Sri Deepak Krishna Home Stay
Opens in new window","₹ 4,319",Tirupati,https://www.booking.com/hotel/in/oyo-78694-sri-deepak-krishna-home-stay.html?label=gog235jc-1DCAEoggI46AdIM1gDaGyIAQGYATG4ARfIAQ_YAQPoAQH4AQKIAgGoAgO4Asq39JIGwAIB0gIkMmVkMTZlMGQtMTgwNS00ZjExLWE2N2UtN2I4ZTFmZTZiNDhi2AIE4AIB&sid=9ba4999c4e929c8e359d6d62c14c1061&aid=397594&ucfs=1&arphpl=1&checkin=2022-04-22&checkout=2022-04-25&dest_id=-2113256&dest_type=city&group_adults=2&req_adults=2&no_rooms=1&group_children=0&req_children=0&hpos=22&hapos=22&sr_order=popularity&srpvid=d7223900e73b04ad&srepoch=1650269187&all_sr_blocks=709859002_295801737_2_0_0&highlighted_blocks=709859002_295801737_2_0_0&matching_block_id=709859002_295801737_2_0_0&sr_pri_blocks=709859002_295801737_2_0_0__431948&from=searchresults#hotelTmpl,1.5 km from center,,,,Classic Triple Room,"3 nights, 2 adults",1 king bed,,"Classic Triple Room
1 king bed
FREE cancellation • No prepayment needed
You can cancel later, so lock in this great price today!
Only 7 rooms left at this price on our site",
"Bliss Hotel
Opens in new window","₹ 22,350",Tirupati,https://www.booking.com/hotel/in/bliss.html?label=gog235jc-1DCAEoggI46AdIM1gDaGyIAQGYATG4ARfIAQ_YAQPoAQH4AQKIAgGoAgO4Asq39JIGwAIB0gIkMmVkMTZlMGQtMTgwNS00ZjExLWE2N2UtN2I4ZTFmZTZiNDhi2AIE4AIB&sid=9ba4999c4e929c8e359d6d62c14c1061&aid=397594&ucfs=1&arphpl=1&checkin=2022-04-22&checkout=2022-04-25&dest_id=-2113256&dest_type=city&group_adults=2&req_adults=2&no_rooms=1&group_children=0&req_children=0&hpos=24&hapos=24&sr_order=popularity&srpvid=d7223900e73b04ad&srepoch=1650269187&all_sr_blocks=41820405_166432093_2_2_0&highlighted_blocks=41820405_166432093_2_2_0&matching_block_id=41820405_166432093_2_2_0&sr_pri_blocks=41820405_166432093_2_2_0__2235000&from_sustainable_property_sr=1&from=searchresults#hotelTmpl,1.2 km from center,7.5,Good ,150 reviews,Junior Suite,"3 nights, 2 adults","Private suite
1 king bed",,"Junior Suite
Private suite
1 king bed
FREE cancellation • No prepayment needed
You can cancel later, so lock in this great price today!
Only 1 left at this price on our site",
"Brundavan guest house
Opens in new window","₹ 3,888",Tirupati,https://www.booking.com/hotel/in/brundavan-guest-house-tirupati.html?label=gog235jc-1DCAEoggI46AdIM1gDaGyIAQGYATG4ARfIAQ_YAQPoAQH4AQKIAgGoAgO4Asq39JIGwAIB0gIkMmVkMTZlMGQtMTgwNS00ZjExLWE2N2UtN2I4ZTFmZTZiNDhi2AIE4AIB&sid=9ba4999c4e929c8e359d6d62c14c1061&aid=397594&ucfs=1&arphpl=1&checkin=2022-04-22&checkout=2022-04-25&dest_id=-2113256&dest_type=city&group_adults=2&req_adults=2&no_rooms=1&group_children=0&req_children=0&hpos=25&hapos=25&sr_order=popularity&srpvid=d7223900e73b04ad&srepoch=1650269187&all_sr_blocks=733936301_327176074_2_0_0&highlighted_blocks=733936301_327176074_2_0_0&matching_block_id=733936301_327176074_2_0_0&sr_pri_blocks=733936301_327176074_2_0_0__388800&from=searchresults#hotelTmpl,0.5 km from center,,,,One-Bedroom Apartment,"3 nights, 2 adults","Entire apartment • 1 bedroom • 1 living room • 1 bathroom • 150m²
3 beds (1 full, 1 king, 1 sofa bed)",,"One-Bedroom Apartment
Entire apartment • 1 bedroom • 1 living room • 1 bathroom • 150m²
3 beds (1 full, 1 king, 1 sofa bed)
FREE cancellation • No prepayment needed
You can cancel later, so lock in this great price today!",
"pickurstay maanas homestay
Opens in new window","₹ 5,400",Tirupati,https://www.booking.com/hotel/in/pickurstay-maanas-homestay.html?label=gog235jc-1DCAEoggI46AdIM1gDaGyIAQGYATG4ARfIAQ_YAQPoAQH4AQKIAgGoAgO4Asq39JIGwAIB0gIkMmVkMTZlMGQtMTgwNS00ZjExLWE2N2UtN2I4ZTFmZTZiNDhi2AIE4AIB&sid=9ba4999c4e929c8e359d6d62c14c1061&aid=397594&ucfs=1&arphpl=1&checkin=2022-04-22&checkout=2022-04-25&dest_id=-2113256&dest_type=city&group_adults=2&req_adults=2&no_rooms=1&group_children=0&req_children=0&hpos=1&hapos=26&sr_order=popularity&srpvid=d7223900e73b04ad&srepoch=1650269201&all_sr_blocks=773040902_335265240_2_2_0&highlighted_blocks=773040902_335265240_2_2_0&matching_block_id=773040902_335265240_2_2_0&sr_pri_blocks=773040902_335265240_2_2_0__540000&from=searchresults#hotelTmpl,2.2 km from center,,,,Budget Double Room,"3 nights, 2 adults",1 full bed,,"Budget Double Room
1 full bed
FREE cancellation • No prepayment needed
You can cancel later, so lock in this great price today!
Only 2 rooms left at this price on our site",
"Happy Stay Inn
Opens in new window","₹ 2,847",Tirupati,https://www.booking.com/hotel/in/happystayinn.html?label=gog235jc-1DCAEoggI46AdIM1gDaGyIAQGYATG4ARfIAQ_YAQPoAQH4AQKIAgGoAgO4Asq39JIGwAIB0gIkMmVkMTZlMGQtMTgwNS00ZjExLWE2N2UtN2I4ZTFmZTZiNDhi2AIE4AIB&sid=9ba4999c4e929c8e359d6d62c14c1061&aid=397594&ucfs=1&arphpl=1&checkin=2022-04-22&checkout=2022-04-25&dest_id=-2113256&dest_type=city&group_adults=2&req_adults=2&no_rooms=1&group_children=0&req_children=0&hpos=4&hapos=29&sr_order=popularity&srpvid=d7223900e73b04ad&srepoch=1650269201&all_sr_blocks=683335903_278428945_2_2_0&highlighted_blocks=683335903_278428945_2_2_0&matching_block_id=683335903_278428945_2_2_0&sr_pri_blocks=683335903_278428945_2_2_0__284715&from=searchresults#hotelTmpl,2.5 km from center,5.7,Review score ,4 reviews,Small Double Room,"3 nights, 2 adults",1 full bed,,"Small Double Room
1 full bed
Only 2 rooms left at this price on our site",
"OYO Flagship 7508 Poojith Residency
Opens in new window","₹ 3,373",Tirupati,https://www.booking.com/hotel/in/pph-living-mr-poojith-residency.html?label=gog235jc-1DCAEoggI46AdIM1gDaGyIAQGYATG4ARfIAQ_YAQPoAQH4AQKIAgGoAgO4Asq39JIGwAIB0gIkMmVkMTZlMGQtMTgwNS00ZjExLWE2N2UtN2I4ZTFmZTZiNDhi2AIE4AIB&sid=9ba4999c4e929c8e359d6d62c14c1061&aid=397594&ucfs=1&arphpl=1&checkin=2022-04-22&checkout=2022-04-25&dest_id=-2113256&dest_type=city&group_adults=2&req_adults=2&no_rooms=1&group_children=0&req_children=0&hpos=3&hapos=28&sr_order=popularity&srpvid=d7223900e73b04ad&srepoch=1650269201&all_sr_blocks=721318607_343976776_2_2_0&highlighted_blocks=721318607_343976776_2_2_0&matching_block_id=721318607_343976776_2_2_0&sr_pri_blocks=721318607_343976776_2_2_0__337282&from=searchresults#hotelTmpl,0.6 km from center,,,,Double Room,"3 nights, 2 adults",1 queen bed,,"Double Room
1 queen bed
Free cancellation
You can cancel later, so lock in this great price today!",
"OYO 71957 Hotel Srinivasa Residency
Opens in new window","₹ 3,772",Tirupati,https://www.booking.com/hotel/in/oyo-71957-srinivasa-residency.html?label=gog235jc-1DCAEoggI46AdIM1gDaGyIAQGYATG4ARfIAQ_YAQPoAQH4AQKIAgGoAgO4Asq39JIGwAIB0gIkMmVkMTZlMGQtMTgwNS00ZjExLWE2N2UtN2I4ZTFmZTZiNDhi2AIE4AIB&sid=9ba4999c4e929c8e359d6d62c14c1061&aid=397594&ucfs=1&arphpl=1&checkin=2022-04-22&checkout=2022-04-25&dest_id=-2113256&dest_type=city&group_adults=2&req_adults=2&no_rooms=1&group_children=0&req_children=0&hpos=2&hapos=27&sr_order=popularity&srpvid=d7223900e73b04ad&srepoch=1650269201&all_sr_blocks=638019902_328252985_2_0_0&highlighted_blocks=638019902_328252985_2_0_0&matching_block_id=638019902_328252985_2_0_0&sr_pri_blocks=638019902_328252985_2_0_0__377163&from=searchresults#hotelTmpl,450 m from center,2.2,Review score ,5 reviews,Deluxe Triple Room,"3 nights, 2 adults",1 king bed,,"Deluxe Triple Room
1 king bed
Free cancellation
You can cancel later, so lock in this great price today!",
"SPOT ON 36583 Hotel Srinivasa Residency
Opens in new window","₹ 2,122",Tirupati,https://www.booking.com/hotel/in/spot-on-36583-srinivasa-residency.html?label=gog235jc-1DCAEoggI46AdIM1gDaGyIAQGYATG4ARfIAQ_YAQPoAQH4AQKIAgGoAgO4Asq39JIGwAIB0gIkMmVkMTZlMGQtMTgwNS00ZjExLWE2N2UtN2I4ZTFmZTZiNDhi2AIE4AIB&sid=9ba4999c4e929c8e359d6d62c14c1061&aid=397594&ucfs=1&arphpl=1&checkin=2022-04-22&checkout=2022-04-25&dest_id=-2113256&dest_type=city&group_adults=2&req_adults=2&no_rooms=1&group_children=0&req_children=0&hpos=5&hapos=30&sr_order=popularity&srpvid=d7223900e73b04ad&srepoch=1650269201&all_sr_blocks=484971802_328158485_2_0_0&highlighted_blocks=484971802_328158485_2_0_0&matching_block_id=484971802_328158485_2_0_0&sr_pri_blocks=484971802_328158485_2_0_0__212212&from=searchresults#hotelTmpl,1.9 km from center,4.3,Review score ,18 reviews,Triple Room with Bathroom,"3 nights, 2 adults",2 twin beds,,"Triple Room with Bathroom
2 twin beds
Free cancellation
You can cancel later, so lock in this great price today!",
"OYO Townhouse 678 De Alphabet Tirupathi
Opens in new window","₹ 4,944",Tirupati,https://www.booking.com/hotel/in/oyo-townhouse-678-de-alphabet-tirupathi.html?label=gog235jc-1DCAEoggI46AdIM1gDaGyIAQGYATG4ARfIAQ_YAQPoAQH4AQKIAgGoAgO4Asq39JIGwAIB0gIkMmVkMTZlMGQtMTgwNS00ZjExLWE2N2UtN2I4ZTFmZTZiNDhi2AIE4AIB&sid=9ba4999c4e929c8e359d6d62c14c1061&aid=397594&ucfs=1&arphpl=1&checkin=2022-04-22&checkout=2022-04-25&dest_id=-2113256&dest_type=city&group_adults=2&req_adults=2&no_rooms=1&group_children=0&req_children=0&hpos=6&hapos=31&sr_order=popularity&srpvid=d7223900e73b04ad&srepoch=1650269201&all_sr_blocks=797283702_341602454_2_1_0&highlighted_blocks=797283702_341602454_2_1_0&matching_block_id=797283702_341602454_2_1_0&sr_pri_blocks=797283702_341602454_2_1_0__494421&from_sustainable_property_sr=1&from=searchresults#hotelTmpl,2.1 km from center,4.7,Review score ,3 reviews,Deluxe Triple Room,"3 nights, 2 adults",1 king bed,,"Deluxe Triple Room
1 king bed
Breakfast included
Free cancellation
You can cancel later, so lock in this great price today!",
"Capital O 27775 Hotel Srinivasa Residency
Opens in new window","₹ 4,941",Tirupati,https://www.booking.com/hotel/in/oyo-27775-srinivasa-residency-tirupati1.html?label=gog235jc-1DCAEoggI46AdIM1gDaGyIAQGYATG4ARfIAQ_YAQPoAQH4AQKIAgGoAgO4Asq39JIGwAIB0gIkMmVkMTZlMGQtMTgwNS00ZjExLWE2N2UtN2I4ZTFmZTZiNDhi2AIE4AIB&sid=9ba4999c4e929c8e359d6d62c14c1061&aid=397594&ucfs=1&arphpl=1&checkin=2022-04-22&checkout=2022-04-25&dest_id=-2113256&dest_type=city&group_adults=2&req_adults=2&no_rooms=1&group_children=0&req_children=0&hpos=7&hapos=32&sr_order=popularity&srpvid=d7223900e73b04ad&srepoch=1650269201&all_sr_blocks=463748202_328156945_2_1_0&highlighted_blocks=463748202_328156945_2_1_0&matching_block_id=463748202_328156945_2_1_0&sr_pri_blocks=463748202_328156945_2_1_0__494065&from=searchresults#hotelTmpl,2.3 km from center,4.1,Review score ,20 reviews,Classic Triple Room,"3 nights, 2 adults","2 beds (1 twin, 1 king)",,"Classic Triple Room
2 beds (1 twin, 1 king)
Breakfast included
Free cancellation
You can cancel later, so lock in this great price today!",
"NADENDLAS CHIRUHAS SERVICE APATMENT
Opens in new window","₹ 6,000",Tirupati,https://www.booking.com/hotel/in/nadendlas-chiruhas-service-apatment.html?label=gog235jc-1DCAEoggI46AdIM1gDaGyIAQGYATG4ARfIAQ_YAQPoAQH4AQKIAgGoAgO4Asq39JIGwAIB0gIkMmVkMTZlMGQtMTgwNS00ZjExLWE2N2UtN2I4ZTFmZTZiNDhi2AIE4AIB&sid=9ba4999c4e929c8e359d6d62c14c1061&aid=397594&ucfs=1&arphpl=1&checkin=2022-04-22&checkout=2022-04-25&dest_id=-2113256&dest_type=city&group_adults=2&req_adults=2&no_rooms=1&group_children=0&req_children=0&hpos=9&hapos=34&sr_order=popularity&srpvid=d7223900e73b04ad&srepoch=1650269201&all_sr_blocks=819101302_344524382_2_2_0&highlighted_blocks=819101302_344524382_2_2_0&matching_block_id=819101302_344524382_2_2_0&sr_pri_blocks=819101302_344524382_2_2_0__600000&from=searchresults#hotelTmpl,2.7 km from center,,,,One-Bedroom Apartment,"3 nights, 2 adults","Entire apartment • 1 bedroom • 1 living room • 1 bathroom
2 beds (1 sofa bed, 1 queen)",,"One-Bedroom Apartment
Entire apartment • 1 bedroom • 1 living room • 1 bathroom
2 beds (1 sofa bed, 1 queen)
FREE cancellation • No prepayment needed
You can cancel later, so lock in this great price today!
Only 4 left at this price on our site",
"Treebo Trip Riyas Grand
Opens in new window","₹ 7,853",Tirupati,https://www.booking.com/hotel/in/treebo-trip-riyas-grand.html?label=gog235jc-1DCAEoggI46AdIM1gDaGyIAQGYATG4ARfIAQ_YAQPoAQH4AQKIAgGoAgO4Asq39JIGwAIB0gIkMmVkMTZlMGQtMTgwNS00ZjExLWE2N2UtN2I4ZTFmZTZiNDhi2AIE4AIB&sid=9ba4999c4e929c8e359d6d62c14c1061&aid=397594&ucfs=1&arphpl=1&checkin=2022-04-22&checkout=2022-04-25&dest_id=-2113256&dest_type=city&group_adults=2&req_adults=2&no_rooms=1&group_children=0&req_children=0&hpos=8&hapos=33&sr_order=popularity&srpvid=d7223900e73b04ad&srepoch=1650269201&all_sr_blocks=513672201_350617034_2_1_0&highlighted_blocks=513672201_350617034_2_1_0&matching_block_id=513672201_350617034_2_1_0&sr_pri_blocks=513672201_350617034_2_1_0__785269&from=searchresults#hotelTmpl,2.3 km from center,7.9,Good ,571 reviews,[Sanitized] Standard Double Room,"3 nights, 2 adults",1 queen bed,,"[Sanitized] Standard Double Room
1 queen bed
Breakfast included
Free cancellation
You can cancel later, so lock in this great price today!
Only 2 rooms left at this price on our site",
"FOUR SEASONS HOME STAY
Opens in new window","₹ 8,400",Tirupati,https://www.booking.com/hotel/in/four-seasons-home-stay-tirupati.html?label=gog235jc-1DCAEoggI46AdIM1gDaGyIAQGYATG4ARfIAQ_YAQPoAQH4AQKIAgGoAgO4Asq39JIGwAIB0gIkMmVkMTZlMGQtMTgwNS00ZjExLWE2N2UtN2I4ZTFmZTZiNDhi2AIE4AIB&sid=9ba4999c4e929c8e359d6d62c14c1061&aid=397594&ucfs=1&arphpl=1&checkin=2022-04-22&checkout=2022-04-25&dest_id=-2113256&dest_type=city&group_adults=2&req_adults=2&no_rooms=1&group_children=0&req_children=0&hpos=10&hapos=35&sr_order=popularity&srpvid=d7223900e73b04ad&srepoch=1650269201&all_sr_blocks=793831304_339300753_2_0_0&highlighted_blocks=793831304_339300753_2_0_0&matching_block_id=793831304_339300753_2_0_0&sr_pri_blocks=793831304_339300753_2_0_0__840000&from_sustainable_property_sr=1&from=searchresults#hotelTmpl,2.7 km from center,9.2,Wonderful ,18 reviews,One-Bedroom Apartment,"3 nights, 2 adults","Entire apartment • 1 bedroom • 1 living room • 1 bathroom • 120m²
2 beds (1 king, 1 sofa bed)",,"One-Bedroom Apartment
Entire apartment • 1 bedroom • 1 living room • 1 bathroom • 120m²
2 beds (1 king, 1 sofa bed)
FREE cancellation • No prepayment needed
You can cancel later, so lock in this great price today!
Only 5 left at this price on our site",
"BRUNDHAVAN GUEST HOUSE
Opens in new window","₹ 3,888",Tirupati,https://www.booking.com/hotel/in/brundhavan-guest-house.html?label=gog235jc-1DCAEoggI46AdIM1gDaGyIAQGYATG4ARfIAQ_YAQPoAQH4AQKIAgGoAgO4Asq39JIGwAIB0gIkMmVkMTZlMGQtMTgwNS00ZjExLWE2N2UtN2I4ZTFmZTZiNDhi2AIE4AIB&sid=9ba4999c4e929c8e359d6d62c14c1061&aid=397594&ucfs=1&arphpl=1&checkin=2022-04-22&checkout=2022-04-25&dest_id=-2113256&dest_type=city&group_adults=2&req_adults=2&no_rooms=1&group_children=0&req_children=0&hpos=11&hapos=36&sr_order=popularity&srpvid=d7223900e73b04ad&srepoch=1650269201&all_sr_blocks=734644701_327243216_2_0_0&highlighted_blocks=734644701_327243216_2_0_0&matching_block_id=734644701_327243216_2_0_0&sr_pri_blocks=734644701_327243216_2_0_0__388800&from=searchresults#hotelTmpl,2 km from center,7.3,Good ,6 reviews,One-Bedroom Apartment,"3 nights, 2 adults","Entire apartment • 1 bedroom • 1 bathroom • 240m²
1 full bed",,"One-Bedroom Apartment
Entire apartment • 1 bedroom • 1 bathroom • 240m²
1 full bed
FREE cancellation • No prepayment needed
You can cancel later, so lock in this great price today!",
"Hotel KBR
Opens in new window","₹ 4,590",Tirupati,https://www.booking.com/hotel/in/kbr-tirupati.html?label=gog235jc-1DCAEoggI46AdIM1gDaGyIAQGYATG4ARfIAQ_YAQPoAQH4AQKIAgGoAgO4Asq39JIGwAIB0gIkMmVkMTZlMGQtMTgwNS00ZjExLWE2N2UtN2I4ZTFmZTZiNDhi2AIE4AIB&sid=9ba4999c4e929c8e359d6d62c14c1061&aid=397594&ucfs=1&arphpl=1&checkin=2022-04-22&checkout=2022-04-25&dest_id=-2113256&dest_type=city&group_adults=2&req_adults=2&no_rooms=1&group_children=0&req_children=0&hpos=12&hapos=37&sr_order=popularity&srpvid=d7223900e73b04ad&srepoch=1650269201&all_sr_blocks=635223606_247880079_2_2_0&highlighted_blocks=635223606_247880079_2_2_0&matching_block_id=635223606_247880079_2_2_0&sr_pri_blocks=635223606_247880079_2_2_0__459000&from=searchresults#hotelTmpl,0.5 km from center,,,,Standard Double Room,"3 nights, 2 adults",1 king bed,,"Standard Double Room
1 king bed
FREE cancellation • No prepayment needed
You can cancel later, so lock in this great price today!
Only 7 rooms left at this price on our site",
"Premier FootHills
Opens in new window","₹ 5,397",Tirupati,https://www.booking.com/hotel/in/premier-foothills-tirupati12.html?label=gog235jc-1DCAEoggI46AdIM1gDaGyIAQGYATG4ARfIAQ_YAQPoAQH4AQKIAgGoAgO4Asq39JIGwAIB0gIkMmVkMTZlMGQtMTgwNS00ZjExLWE2N2UtN2I4ZTFmZTZiNDhi2AIE4AIB&sid=9ba4999c4e929c8e359d6d62c14c1061&aid=397594&ucfs=1&arphpl=1&checkin=2022-04-22&checkout=2022-04-25&dest_id=-2113256&dest_type=city&group_adults=2&req_adults=2&no_rooms=1&group_children=0&req_children=0&hpos=13&hapos=38&sr_order=popularity&srpvid=d7223900e73b04ad&srepoch=1650269201&all_sr_blocks=815103201_343933964_2_2_0&highlighted_blocks=815103201_343933964_2_2_0&matching_block_id=815103201_343933964_2_2_0&sr_pri_blocks=815103201_343933964_2_2_0__539700&from=searchresults#hotelTmpl,1.2 km from center,,,,Double Room with Mountain View,"3 nights, 2 adults",1 full bed,,"Double Room with Mountain View
1 full bed
FREE cancellation • No prepayment needed
You can cancel later, so lock in this great price today!
Only 2 rooms left at this price on our site",
"Hotel Udayee International
Opens in new window","₹ 5,738",Tirupati,https://www.booking.com/hotel/in/udayee-international-tirupati.html?label=gog235jc-1DCAEoggI46AdIM1gDaGyIAQGYATG4ARfIAQ_YAQPoAQH4AQKIAgGoAgO4Asq39JIGwAIB0gIkMmVkMTZlMGQtMTgwNS00ZjExLWE2N2UtN2I4ZTFmZTZiNDhi2AIE4AIB&sid=9ba4999c4e929c8e359d6d62c14c1061&aid=397594&ucfs=1&arphpl=1&checkin=2022-04-22&checkout=2022-04-25&dest_id=-2113256&dest_type=city&group_adults=2&req_adults=2&no_rooms=1&group_children=0&req_children=0&hpos=14&hapos=39&sr_order=popularity&srpvid=d7223900e73b04ad&srepoch=1650269201&all_sr_blocks=682599403_278238687_2_0_0&highlighted_blocks=682599403_278238687_2_0_0&matching_block_id=682599403_278238687_2_0_0&sr_pri_blocks=682599403_278238687_2_0_0__573750&from_sustainable_property_sr=1&from=searchresults#hotelTmpl,350 m from center,3.7,Review score ,39 reviews,Standard King Room,"3 nights, 2 adults",1 king bed,,"Standard King Room
1 king bed",
"OYO Collection O 81237 V M Inn
Opens in new window","₹ 4,485",Tirupati,https://www.booking.com/hotel/in/oyo-collection-o-81237-v-m-inn.html?label=gog235jc-1DCAEoggI46AdIM1gDaGyIAQGYATG4ARfIAQ_YAQPoAQH4AQKIAgGoAgO4Asq39JIGwAIB0gIkMmVkMTZlMGQtMTgwNS00ZjExLWE2N2UtN2I4ZTFmZTZiNDhi2AIE4AIB&sid=9ba4999c4e929c8e359d6d62c14c1061&aid=397594&ucfs=1&arphpl=1&checkin=2022-04-22&checkout=2022-04-25&dest_id=-2113256&dest_type=city&group_adults=2&req_adults=2&no_rooms=1&group_children=0&req_children=0&hpos=15&hapos=40&sr_order=popularity&srpvid=d7223900e73b04ad&srepoch=1650269201&all_sr_blocks=749965002_331260958_2_0_0&highlighted_blocks=749965002_331260958_2_0_0&matching_block_id=749965002_331260958_2_0_0&sr_pri_blocks=749965002_331260958_2_0_0__448483&from_sustainable_property_sr=1&from=searchresults#hotelTmpl,3.7 km from center,5.6,Review score ,5 reviews,Deluxe Triple Room,"3 nights, 2 adults",1 king bed,,"Deluxe Triple Room
1 king bed
FREE cancellation • No prepayment needed
You can cancel later, so lock in this great price today!",
"SPOT ON 4674 Sujan Residency
Opens in new window","₹ 3,471",Tirupati,https://www.booking.com/hotel/in/oyo-4674-sujan-residency.html?label=gog235jc-1DCAEoggI46AdIM1gDaGyIAQGYATG4ARfIAQ_YAQPoAQH4AQKIAgGoAgO4Asq39JIGwAIB0gIkMmVkMTZlMGQtMTgwNS00ZjExLWE2N2UtN2I4ZTFmZTZiNDhi2AIE4AIB&sid=9ba4999c4e929c8e359d6d62c14c1061&aid=397594&ucfs=1&arphpl=1&checkin=2022-04-22&checkout=2022-04-25&dest_id=-2113256&dest_type=city&group_adults=2&req_adults=2&no_rooms=1&group_children=0&req_children=0&hpos=16&hapos=41&sr_order=popularity&srpvid=d7223900e73b04ad&srepoch=1650269201&all_sr_blocks=728685303_321044341_2_0_0&highlighted_blocks=728685303_321044341_2_0_0&matching_block_id=728685303_321044341_2_0_0&sr_pri_blocks=728685303_321044341_2_0_0__347133&from=searchresults#hotelTmpl,500 m from center,5.1,Review score ,13 reviews,Economy Triple Room,"3 nights, 2 adults",1 king bed,,"Economy Triple Room
1 king bed
FREE cancellation • No prepayment needed
You can cancel later, so lock in this great price today!",
"SPOT ON 81187 Ajantha Lodge
Opens in new window","₹ 2,126",Tirupati,https://www.booking.com/hotel/in/spot-on-81187-ajantha-lodge.html?label=gog235jc-1DCAEoggI46AdIM1gDaGyIAQGYATG4ARfIAQ_YAQPoAQH4AQKIAgGoAgO4Asq39JIGwAIB0gIkMmVkMTZlMGQtMTgwNS00ZjExLWE2N2UtN2I4ZTFmZTZiNDhi2AIE4AIB&sid=9ba4999c4e929c8e359d6d62c14c1061&aid=397594&ucfs=1&arphpl=1&checkin=2022-04-22&checkout=2022-04-25&dest_id=-2113256&dest_type=city&group_adults=2&req_adults=2&no_rooms=1&group_children=0&req_children=0&hpos=17&hapos=42&sr_order=popularity&srpvid=d7223900e73b04ad&srepoch=1650269201&all_sr_blocks=749819602_331488317_2_0_0&highlighted_blocks=749819602_331488317_2_0_0&matching_block_id=749819602_331488317_2_0_0&sr_pri_blocks=749819602_331488317_2_0_0__212612&from=searchresults#hotelTmpl,450 m from center,4.0,Review score ,8 reviews,Triple Room with Bathroom,"3 nights, 2 adults",1 king bed,,"Triple Room with Bathroom
1 king bed
Free cancellation
You can cancel later, so lock in this great price today!",
"Sravanthy Inn
Opens in new window","₹ 3,960",Tirupati,https://www.booking.com/hotel/in/sravanthy-inn.html?label=gog235jc-1DCAEoggI46AdIM1gDaGyIAQGYATG4ARfIAQ_YAQPoAQH4AQKIAgGoAgO4Asq39JIGwAIB0gIkMmVkMTZlMGQtMTgwNS00ZjExLWE2N2UtN2I4ZTFmZTZiNDhi2AIE4AIB&sid=9ba4999c4e929c8e359d6d62c14c1061&aid=397594&ucfs=1&arphpl=1&checkin=2022-04-22&checkout=2022-04-25&dest_id=-2113256&dest_type=city&group_adults=2&req_adults=2&no_rooms=1&group_children=0&req_children=0&hpos=18&hapos=43&sr_order=popularity&srpvid=d7223900e73b04ad&srepoch=1650269201&all_sr_blocks=738021501_328246889_2_2_0&highlighted_blocks=738021501_328246889_2_2_0&matching_block_id=738021501_328246889_2_2_0&sr_pri_blocks=738021501_328246889_2_2_0__396000&from=searchresults#hotelTmpl,1.9 km from center,5.8,Review score ,5 reviews,Standard Double Room with Fan,"3 nights, 2 adults",1 king bed,,"Standard Double Room with Fan
1 king bed
FREE cancellation • No prepayment needed
You can cancel later, so lock in this great price today!",
"G k Homestay
Opens in new window","₹ 8,200",Tirupati,https://www.booking.com/hotel/in/g-k-homestay.html?label=gog235jc-1DCAEoggI46AdIM1gDaGyIAQGYATG4ARfIAQ_YAQPoAQH4AQKIAgGoAgO4Asq39JIGwAIB0gIkMmVkMTZlMGQtMTgwNS00ZjExLWE2N2UtN2I4ZTFmZTZiNDhi2AIE4AIB&sid=9ba4999c4e929c8e359d6d62c14c1061&aid=397594&ucfs=1&arphpl=1&checkin=2022-04-22&checkout=2022-04-25&dest_id=-2113256&dest_type=city&group_adults=2&req_adults=2&no_rooms=1&group_children=0&req_children=0&hpos=19&hapos=44&sr_order=popularity&srpvid=d7223900e73b04ad&srepoch=1650269201&all_sr_blocks=276377401_106733385_6_0_0&highlighted_blocks=276377401_106733385_6_0_0&matching_block_id=276377401_106733385_6_0_0&sr_pri_blocks=276377401_106733385_6_0_0__820000&from=searchresults#hotelTmpl,3.1 km from center,8.8,Excellent ,32 reviews,Two-Bedroom Apartment,"3 nights, 2 adults","Entire apartment • 2 bedrooms • 1 living room • 2 bathrooms • 83m²
4 beds (2 kings, 1 sofa bed, 1 futon)",,"Two-Bedroom Apartment
Entire apartment • 2 bedrooms • 1 living room • 2 bathrooms • 83m²
4 beds (2 kings, 1 sofa bed, 1 futon)
Only 1 left at this price on our site",
"Hotel Agarala Residency
Opens in new window","₹ 3,750",Tirupati,https://www.booking.com/hotel/in/agarala-residency.html?label=gog235jc-1DCAEoggI46AdIM1gDaGyIAQGYATG4ARfIAQ_YAQPoAQH4AQKIAgGoAgO4Asq39JIGwAIB0gIkMmVkMTZlMGQtMTgwNS00ZjExLWE2N2UtN2I4ZTFmZTZiNDhi2AIE4AIB&sid=9ba4999c4e929c8e359d6d62c14c1061&aid=397594&ucfs=1&arphpl=1&checkin=2022-04-22&checkout=2022-04-25&dest_id=-2113256&dest_type=city&group_adults=2&req_adults=2&no_rooms=1&group_children=0&req_children=0&hpos=21&hapos=46&sr_order=popularity&srpvid=d7223900e73b04ad&srepoch=1650269201&all_sr_blocks=131695903_236479793_0_0_0&highlighted_blocks=131695903_236479793_0_0_0&matching_block_id=131695903_236479793_0_0_0&sr_pri_blocks=131695903_236479793_0_0_0__375000&from=searchresults#hotelTmpl,200 m from center,5.9,Review score ,34 reviews,Standard Double Room,"3 nights, 2 adults",1 full bed,,"Standard Double Room
1 full bed
FREE cancellation • No prepayment needed
You can cancel later, so lock in this great price today!
Only 4 rooms left at this price on our site",
"pickurstay 3517 plr
Opens in new window","₹ 9,840",Tirupati,https://www.booking.com/hotel/in/pickurstay-plr-grand.html?label=gog235jc-1DCAEoggI46AdIM1gDaGyIAQGYATG4ARfIAQ_YAQPoAQH4AQKIAgGoAgO4Asq39JIGwAIB0gIkMmVkMTZlMGQtMTgwNS00ZjExLWE2N2UtN2I4ZTFmZTZiNDhi2AIE4AIB&sid=9ba4999c4e929c8e359d6d62c14c1061&aid=397594&ucfs=1&arphpl=1&checkin=2022-04-22&checkout=2022-04-25&dest_id=-2113256&dest_type=city&group_adults=2&req_adults=2&no_rooms=1&group_children=0&req_children=0&hpos=20&hapos=45&sr_order=popularity&srpvid=d7223900e73b04ad&srepoch=1650269201&all_sr_blocks=709763205_295796036_2_0_0&highlighted_blocks=709763205_295796036_2_0_0&matching_block_id=709763205_295796036_2_0_0&sr_pri_blocks=709763205_295796036_2_0_0__984000&from=searchresults#hotelTmpl,350 m from center,7.3,Good ,6 reviews,Deluxe Room,"3 nights, 2 adults",1 full bed,,"Deluxe Room
1 full bed
FREE cancellation • No prepayment needed
You can cancel later, so lock in this great price today!
Only 5 rooms left at this price on our site",
"Townhouse 715 Hotel DJ Grand
Opens in new window","₹ 9,000",Tirupati,https://www.booking.com/hotel/in/townhouse-715-dj-grand.html?label=gog235jc-1DCAEoggI46AdIM1gDaGyIAQGYATG4ARfIAQ_YAQPoAQH4AQKIAgGoAgO4Asq39JIGwAIB0gIkMmVkMTZlMGQtMTgwNS00ZjExLWE2N2UtN2I4ZTFmZTZiNDhi2AIE4AIB&sid=9ba4999c4e929c8e359d6d62c14c1061&aid=397594&ucfs=1&arphpl=1&checkin=2022-04-22&checkout=2022-04-25&dest_id=-2113256&dest_type=city&group_adults=2&req_adults=2&no_rooms=1&group_children=0&req_children=0&hpos=22&hapos=47&sr_order=popularity&srpvid=d7223900e73b04ad&srepoch=1650269201&all_sr_blocks=798921202_343821067_2_0_0&highlighted_blocks=798921202_343821067_2_0_0&matching_block_id=798921202_343821067_2_0_0&sr_pri_blocks=798921202_343821067_2_0_0__900017&from_sustainable_property_sr=1&from=searchresults#hotelTmpl,400 m from center,2.7,Review score ,6 reviews,Deluxe Triple Room,"3 nights, 2 adults",1 queen bed,,"Deluxe Triple Room
1 queen bed
Free cancellation
You can cancel later, so lock in this great price today!",
"Capital O 28216 Raajas Grand
Opens in new window","₹ 5,141",Tirupati,https://www.booking.com/hotel/in/oyo-28216-raajas-grand.html?label=gog235jc-1DCAEoggI46AdIM1gDaGyIAQGYATG4ARfIAQ_YAQPoAQH4AQKIAgGoAgO4Asq39JIGwAIB0gIkMmVkMTZlMGQtMTgwNS00ZjExLWE2N2UtN2I4ZTFmZTZiNDhi2AIE4AIB&sid=9ba4999c4e929c8e359d6d62c14c1061&aid=397594&ucfs=1&arphpl=1&checkin=2022-04-22&checkout=2022-04-25&dest_id=-2113256&dest_type=city&group_adults=2&req_adults=2&no_rooms=1&group_children=0&req_children=0&hpos=23&hapos=48&sr_order=popularity&srpvid=d7223900e73b04ad&srepoch=1650269201&all_sr_blocks=551229602_328186718_2_0_0&highlighted_blocks=551229602_328186718_2_0_0&matching_block_id=551229602_328186718_2_0_0&sr_pri_blocks=551229602_328186718_2_0_0__514086&from=searchresults#hotelTmpl,2.2 km from center,3.8,Review score ,3 reviews,Classic Triple Room,"3 nights, 2 adults",1 king bed,,"Classic Triple Room
1 king bed
Free cancellation
You can cancel later, so lock in this great price today!",
"OYO 60574 Tnr Residency
Opens in new window","₹ 4,653",Tirupati,https://www.booking.com/hotel/in/oyo-60574-tnr-residency.html?label=gog235jc-1DCAEoggI46AdIM1gDaGyIAQGYATG4ARfIAQ_YAQPoAQH4AQKIAgGoAgO4Asq39JIGwAIB0gIkMmVkMTZlMGQtMTgwNS00ZjExLWE2N2UtN2I4ZTFmZTZiNDhi2AIE4AIB&sid=9ba4999c4e929c8e359d6d62c14c1061&aid=397594&ucfs=1&arphpl=1&checkin=2022-04-22&checkout=2022-04-25&dest_id=-2113256&dest_type=city&group_adults=2&req_adults=2&no_rooms=1&group_children=0&req_children=0&hpos=24&hapos=49&sr_order=popularity&srpvid=d7223900e73b04ad&srepoch=1650269201&all_sr_blocks=564148202_328187573_2_1_0&highlighted_blocks=564148202_328187573_2_1_0&matching_block_id=564148202_328187573_2_1_0&sr_pri_blocks=564148202_328187573_2_1_0__465285&from_sustainable_property_sr=1&from=searchresults#hotelTmpl,2.1 km from center,7.7,Good ,8 reviews,Classic Triple Room,"3 nights, 2 adults",1 king bed,,"Classic Triple Room
1 king bed
Breakfast included
Free cancellation
You can cancel later, so lock in this great price today!",
"Pickurstay@v grand inn
Opens in new window","₹ 3,949",Tirupati,https://www.booking.com/hotel/in/pickurstay-v-grand-inn.html?label=gog235jc-1DCAEoggI46AdIM1gDaGyIAQGYATG4ARfIAQ_YAQPoAQH4AQKIAgGoAgO4Asq39JIGwAIB0gIkMmVkMTZlMGQtMTgwNS00ZjExLWE2N2UtN2I4ZTFmZTZiNDhi2AIE4AIB&sid=9ba4999c4e929c8e359d6d62c14c1061&aid=397594&ucfs=1&arphpl=1&checkin=2022-04-22&checkout=2022-04-25&dest_id=-2113256&dest_type=city&group_adults=2&req_adults=2&no_rooms=1&group_children=0&req_children=0&hpos=25&hapos=50&sr_order=popularity&srpvid=d7223900e73b04ad&srepoch=1650269201&all_sr_blocks=762877701_333386437_2_0_0&highlighted_blocks=762877701_333386437_2_0_0&matching_block_id=762877701_333386437_2_0_0&sr_pri_blocks=762877701_333386437_2_0_0__394875&from=searchresults#hotelTmpl,500 m from center,,,,Standard Double or Twin Room,"3 nights, 2 adults",1 twin bed,,"Standard Double or Twin Room
1 twin bed
Only 4 rooms left at this price on our site",
"SPOT ON 63027 Slv Residency
Opens in new window","₹ 4,049",Tirupati,https://www.booking.com/hotel/in/oyo-63027-slv-residency.html?label=gog235jc-1DCAEoggI46AdIM1gDaGyIAQGYATG4ARfIAQ_YAQPoAQH4AQKIAgGoAgO4Asq39JIGwAIB0gIkMmVkMTZlMGQtMTgwNS00ZjExLWE2N2UtN2I4ZTFmZTZiNDhi2AIE4AIB&sid=9ba4999c4e929c8e359d6d62c14c1061&aid=397594&ucfs=1&arphpl=1&checkin=2022-04-22&checkout=2022-04-25&dest_id=-2113256&dest_type=city&group_adults=2&req_adults=2&no_rooms=1&group_children=0&req_children=0&hpos=1&hapos=51&sr_order=popularity&srpvid=d7223900e73b04ad&srepoch=1650269222&all_sr_blocks=576969002_339870689_2_0_0&highlighted_blocks=576969002_339870689_2_0_0&matching_block_id=576969002_339870689_2_0_0&sr_pri_blocks=576969002_339870689_2_0_0__404869&from=searchresults#hotelTmpl,1.9 km from center,,,,Standard Double Room,"3 nights, 2 adults",2 twin beds,,"Standard Double Room
2 twin beds
Free cancellation
You can cancel later, so lock in this great price today!",
"ARNN GUEST HOUSE
Opens in new window","₹ 4,500",Tirupati,https://www.booking.com/hotel/in/arnn-guest-house-tirupati1.html?label=gog235jc-1DCAEoggI46AdIM1gDaGyIAQGYATG4ARfIAQ_YAQPoAQH4AQKIAgGoAgO4Asq39JIGwAIB0gIkMmVkMTZlMGQtMTgwNS00ZjExLWE2N2UtN2I4ZTFmZTZiNDhi2AIE4AIB&sid=9ba4999c4e929c8e359d6d62c14c1061&aid=397594&ucfs=1&arphpl=1&checkin=2022-04-22&checkout=2022-04-25&dest_id=-2113256&dest_type=city&group_adults=2&req_adults=2&no_rooms=1&group_children=0&req_children=0&hpos=2&hapos=52&sr_order=popularity&srpvid=d7223900e73b04ad&srepoch=1650269222&all_sr_blocks=771186501_334981649_2_0_0&highlighted_blocks=771186501_334981649_2_0_0&matching_block_id=771186501_334981649_2_0_0&sr_pri_blocks=771186501_334981649_2_0_0__450000&from=searchresults#hotelTmpl,1.3 km from center,8.5,Very Good ,13 reviews,Deluxe Double Room,"3 nights, 2 adults",1 king bed,,"Deluxe Double Room
1 king bed
FREE cancellation • No prepayment needed
You can cancel later, so lock in this great price today!
Only 3 rooms left at this price on our site",
"Hotel Lorven
Opens in new window","₹ 8,697",Tirupati,https://www.booking.com/hotel/in/lorven.html?label=gog235jc-1DCAEoggI46AdIM1gDaGyIAQGYATG4ARfIAQ_YAQPoAQH4AQKIAgGoAgO4Asq39JIGwAIB0gIkMmVkMTZlMGQtMTgwNS00ZjExLWE2N2UtN2I4ZTFmZTZiNDhi2AIE4AIB&sid=9ba4999c4e929c8e359d6d62c14c1061&aid=397594&ucfs=1&arphpl=1&checkin=2022-04-22&checkout=2022-04-25&dest_id=-2113256&dest_type=city&group_adults=2&req_adults=2&no_rooms=1&group_children=0&req_children=0&hpos=3&hapos=53&sr_order=popularity&srpvid=d7223900e73b04ad&srepoch=1650269222&all_sr_blocks=756936103_332569652_2_42_0&highlighted_blocks=756936103_332569652_2_42_0&matching_block_id=756936103_332569652_2_42_0&sr_pri_blocks=756936103_332569652_2_42_0__869700&from_sustainable_property_sr=1&from=searchresults#hotelTmpl,2.2 km from center,7.7,Good ,8 reviews,Twin Room,"3 nights, 2 adults",2 twin beds,,"Twin Room
2 twin beds
FREE cancellation • No prepayment needed
You can cancel later, so lock in this great price today!
Only 4 rooms left at this price on our site",
"Royal Home Stay deluxe Room
Opens in new window","₹ 6,000",Tirupati,https://www.booking.com/hotel/in/royalhomestay-deluxe-suite.html?label=gog235jc-1DCAEoggI46AdIM1gDaGyIAQGYATG4ARfIAQ_YAQPoAQH4AQKIAgGoAgO4Asq39JIGwAIB0gIkMmVkMTZlMGQtMTgwNS00ZjExLWE2N2UtN2I4ZTFmZTZiNDhi2AIE4AIB&sid=9ba4999c4e929c8e359d6d62c14c1061&aid=397594&ucfs=1&arphpl=1&checkin=2022-04-22&checkout=2022-04-25&dest_id=-2113256&dest_type=city&group_adults=2&req_adults=2&no_rooms=1&group_children=0&req_children=0&hpos=4&hapos=54&sr_order=popularity&srpvid=d7223900e73b04ad&srepoch=1650269222&all_sr_blocks=774758601_335747964_0_0_0&highlighted_blocks=774758601_335747964_0_0_0&matching_block_id=774758601_335747964_0_0_0&sr_pri_blocks=774758601_335747964_0_0_0__600000&from_sustainable_property_sr=1&from=searchresults#hotelTmpl,1 km from center,,,,Deluxe Villa,"3 nights, 2 adults","Entire villa • 1 bedroom • 1 bathroom • 27m²
1 king bed",,"Deluxe Villa
Entire villa • 1 bedroom • 1 bathroom • 27m²
1 king bed
FREE cancellation • No prepayment needed
You can cancel later, so lock in this great price today!
Only 2 left at this price on our site",
"SPOT ON 48566 R R Residency
Opens in new window","₹ 3,888",Tirupati,https://www.booking.com/hotel/in/spot-on-48566-slvp-residency-spot.html?label=gog235jc-1DCAEoggI46AdIM1gDaGyIAQGYATG4ARfIAQ_YAQPoAQH4AQKIAgGoAgO4Asq39JIGwAIB0gIkMmVkMTZlMGQtMTgwNS00ZjExLWE2N2UtN2I4ZTFmZTZiNDhi2AIE4AIB&sid=9ba4999c4e929c8e359d6d62c14c1061&aid=397594&ucfs=1&arphpl=1&checkin=2022-04-22&checkout=2022-04-25&dest_id=-2113256&dest_type=city&group_adults=2&req_adults=2&no_rooms=1&group_children=0&req_children=0&hpos=5&hapos=55&sr_order=popularity&srpvid=d7223900e73b04ad&srepoch=1650269222&all_sr_blocks=551229902_331484475_2_1_0&highlighted_blocks=551229902_331484475_2_1_0&matching_block_id=551229902_331484475_2_1_0&sr_pri_blocks=551229902_331484475_2_1_0__388830&from=searchresults#hotelTmpl,3.9 km from center,,,,Executive Triple Room,"3 nights, 2 adults",2 twin beds,,"Executive Triple Room
2 twin beds
Breakfast included
Free cancellation
You can cancel later, so lock in this great price today!",
"SPOT ON 84555 Venkata Sai Residency
Opens in new window","₹ 2,745",Tirupati,https://www.booking.com/hotel/in/spot-on-84555-venkata-sai-residency.html?label=gog235jc-1DCAEoggI46AdIM1gDaGyIAQGYATG4ARfIAQ_YAQPoAQH4AQKIAgGoAgO4Asq39JIGwAIB0gIkMmVkMTZlMGQtMTgwNS00ZjExLWE2N2UtN2I4ZTFmZTZiNDhi2AIE4AIB&sid=9ba4999c4e929c8e359d6d62c14c1061&aid=397594&ucfs=1&arphpl=1&checkin=2022-04-22&checkout=2022-04-25&dest_id=-2113256&dest_type=city&group_adults=2&req_adults=2&no_rooms=1&group_children=0&req_children=0&hpos=6&hapos=56&sr_order=popularity&srpvid=d7223900e73b04ad&srepoch=1650269222&all_sr_blocks=798921402_343821062_2_0_0&highlighted_blocks=798921402_343821062_2_0_0&matching_block_id=798921402_343821062_2_0_0&sr_pri_blocks=798921402_343821062_2_0_0__274474&from=searchresults#hotelTmpl,300 m from center,,,,Triple Room with Bathroom,"3 nights, 2 adults",,,"Triple Room with Bathroom
Free cancellation
You can cancel later, so lock in this great price today!",
"OYO 19011 Hotel Sannidhi Residency
Opens in new window","₹ 4,166",Tirupati,https://www.booking.com/hotel/in/oyo-19011-sannidhi-residency-tirupati12.html?label=gog235jc-1DCAEoggI46AdIM1gDaGyIAQGYATG4ARfIAQ_YAQPoAQH4AQKIAgGoAgO4Asq39JIGwAIB0gIkMmVkMTZlMGQtMTgwNS00ZjExLWE2N2UtN2I4ZTFmZTZiNDhi2AIE4AIB&sid=9ba4999c4e929c8e359d6d62c14c1061&aid=397594&ucfs=1&arphpl=1&checkin=2022-04-22&checkout=2022-04-25&dest_id=-2113256&dest_type=city&group_adults=2&req_adults=2&no_rooms=1&group_children=0&req_children=0&hpos=7&hapos=57&sr_order=popularity&srpvid=d7223900e73b04ad&srepoch=1650269222&all_sr_blocks=414761003_328153523_2_1_0&highlighted_blocks=414761003_328153523_2_1_0&matching_block_id=414761003_328153523_2_1_0&sr_pri_blocks=414761003_328153523_2_1_0__416576&from=searchresults#hotelTmpl,3.3 km from center,6.4,Review score ,13 reviews,Small Double Room,"3 nights, 2 adults",2 full beds,Only 1 room left at this price on our site,"Small Double Room
2 full beds
Breakfast included
Free cancellation
You can cancel later, so lock in this great price today!
Only 1 room left at this price on our site",
"Hotel VIP Residency
Opens in new window","₹ 2,850",Tirupati,https://www.booking.com/hotel/in/vip-residency.html?label=gog235jc-1DCAEoggI46AdIM1gDaGyIAQGYATG4ARfIAQ_YAQPoAQH4AQKIAgGoAgO4Asq39JIGwAIB0gIkMmVkMTZlMGQtMTgwNS00ZjExLWE2N2UtN2I4ZTFmZTZiNDhi2AIE4AIB&sid=9ba4999c4e929c8e359d6d62c14c1061&aid=397594&ucfs=1&arphpl=1&checkin=2022-04-22&checkout=2022-04-25&dest_id=-2113256&dest_type=city&group_adults=2&req_adults=2&no_rooms=1&group_children=0&req_children=0&hpos=9&hapos=59&sr_order=popularity&srpvid=d7223900e73b04ad&srepoch=1650269222&all_sr_blocks=85646202_226142938_0_2_0&highlighted_blocks=85646202_226142938_0_2_0&matching_block_id=85646202_226142938_0_2_0&sr_pri_blocks=85646202_226142938_0_2_0__285000&from=searchresults#hotelTmpl,0.8 km from center,3.7,Review score ,17 reviews,Standard Double or Twin Room with Fan,"3 nights, 2 adults",Beds: 1 double or 2 twins,,"Standard Double or Twin Room with Fan
Beds: 1 double or 2 twins
Free cancellation
You can cancel later, so lock in this great price today!
Only 4 rooms left at this price on our site",
"VIDHAN 1BHK HOMESTAY
Opens in new window","₹ 5,280",Tirupati,https://www.booking.com/hotel/in/vidhan-1bhk-homestay.html?label=gog235jc-1DCAEoggI46AdIM1gDaGyIAQGYATG4ARfIAQ_YAQPoAQH4AQKIAgGoAgO4Asq39JIGwAIB0gIkMmVkMTZlMGQtMTgwNS00ZjExLWE2N2UtN2I4ZTFmZTZiNDhi2AIE4AIB&sid=9ba4999c4e929c8e359d6d62c14c1061&aid=397594&ucfs=1&arphpl=1&checkin=2022-04-22&checkout=2022-04-25&dest_id=-2113256&dest_type=city&group_adults=2&req_adults=2&no_rooms=1&group_children=0&req_children=0&hpos=8&hapos=58&sr_order=popularity&srpvid=d7223900e73b04ad&srepoch=1650269222&all_sr_blocks=806901501_342149190_2_0_0&highlighted_blocks=806901501_342149190_2_0_0&matching_block_id=806901501_342149190_2_0_0&sr_pri_blocks=806901501_342149190_2_0_0__528000&from=searchresults#hotelTmpl,3 km from center,,,,One-Bedroom Villa,"3 nights, 2 adults","Entire villa • 1 bedroom • 1 living room • 1 bathroom • 83m²
3 beds (1 full, 1 king, 1 sofa bed)",,"One-Bedroom Villa
Entire villa • 1 bedroom • 1 living room • 1 bathroom • 83m²
3 beds (1 full, 1 king, 1 sofa bed)
FREE cancellation • No prepayment needed
You can cancel later, so lock in this great price today!",
"Collection O 83542 Gm Hotel
Opens in new window","₹ 7,259",Tirupati,https://www.booking.com/hotel/in/capital-o-83542-gm.html?label=gog235jc-1DCAEoggI46AdIM1gDaGyIAQGYATG4ARfIAQ_YAQPoAQH4AQKIAgGoAgO4Asq39JIGwAIB0gIkMmVkMTZlMGQtMTgwNS00ZjExLWE2N2UtN2I4ZTFmZTZiNDhi2AIE4AIB&sid=9ba4999c4e929c8e359d6d62c14c1061&aid=397594&ucfs=1&arphpl=1&checkin=2022-04-22&checkout=2022-04-25&dest_id=-2113256&dest_type=city&group_adults=2&req_adults=2&no_rooms=1&group_children=0&req_children=0&hpos=10&hapos=60&sr_order=popularity&srpvid=d7223900e73b04ad&srepoch=1650269222&all_sr_blocks=790846102_339579897_2_1_0&highlighted_blocks=790846102_339579897_2_1_0&matching_block_id=790846102_339579897_2_1_0&sr_pri_blocks=790846102_339579897_2_1_0__725910&from_sustainable_property_sr=1&from=searchresults#hotelTmpl,2 km from center,,,,Deluxe Triple Room,"3 nights, 2 adults",1 queen bed,,"Deluxe Triple Room
1 queen bed
Breakfast included
Free cancellation
You can cancel later, so lock in this great price today!",
"OM SRINIVASA - TRULY HOMESTAY
Opens in new window","₹ 10,264",Tirupati,https://www.booking.com/hotel/in/om-srinivasa-truly-homestay.html?label=gog235jc-1DCAEoggI46AdIM1gDaGyIAQGYATG4ARfIAQ_YAQPoAQH4AQKIAgGoAgO4Asq39JIGwAIB0gIkMmVkMTZlMGQtMTgwNS00ZjExLWE2N2UtN2I4ZTFmZTZiNDhi2AIE4AIB&sid=9ba4999c4e929c8e359d6d62c14c1061&aid=397594&ucfs=1&arphpl=1&checkin=2022-04-22&checkout=2022-04-25&dest_id=-2113256&dest_type=city&group_adults=2&req_adults=2&no_rooms=1&group_children=0&req_children=0&hpos=11&hapos=61&sr_order=popularity&srpvid=d7223900e73b04ad&srepoch=1650269222&all_sr_blocks=804485603_350974045_2_0_0&highlighted_blocks=804485603_350974045_2_0_0&matching_block_id=804485603_350974045_2_0_0&sr_pri_blocks=804485603_350974045_2_0_0__1026389&from=searchresults#hotelTmpl,4.3 km from center,,,,Two-Bedroom Apartment,"3 nights, 2 adults","Entire apartment • 2 bedrooms • 2 bathrooms • 100m²
2 queen beds",,"Two-Bedroom Apartment
Entire apartment • 2 bedrooms • 2 bathrooms • 100m²
2 queen beds",
"BRUNDAVAN GUEST HOUSE
Opens in new window","₹ 4,860",Tirupati,https://www.booking.com/hotel/in/brundavan-guest-house.html?label=gog235jc-1DCAEoggI46AdIM1gDaGyIAQGYATG4ARfIAQ_YAQPoAQH4AQKIAgGoAgO4Asq39JIGwAIB0gIkMmVkMTZlMGQtMTgwNS00ZjExLWE2N2UtN2I4ZTFmZTZiNDhi2AIE4AIB&sid=9ba4999c4e929c8e359d6d62c14c1061&aid=397594&ucfs=1&arphpl=1&checkin=2022-04-22&checkout=2022-04-25&dest_id=-2113256&dest_type=city&group_adults=2&req_adults=2&no_rooms=1&group_children=0&req_children=0&hpos=12&hapos=62&sr_order=popularity&srpvid=d7223900e73b04ad&srepoch=1650269222&all_sr_blocks=721329601_309244633_2_0_0&highlighted_blocks=721329601_309244633_2_0_0&matching_block_id=721329601_309244633_2_0_0&sr_pri_blocks=721329601_309244633_2_0_0__486000&from=searchresults#hotelTmpl,1.6 km from center,,,,One-Bedroom Apartment,"3 nights, 2 adults","Entire apartment • 1 bedroom • 1 bathroom • 13m²
1 king bed",,"One-Bedroom Apartment
Entire apartment • 1 bedroom • 1 bathroom • 13m²
1 king bed
FREE cancellation • No prepayment needed
You can cancel later, so lock in this great price today!",
"Home stay
Opens in new window","₹ 4,639",Tirupati,https://www.booking.com/hotel/in/home-stay-tirupati1234.html?label=gog235jc-1DCAEoggI46AdIM1gDaGyIAQGYATG4ARfIAQ_YAQPoAQH4AQKIAgGoAgO4Asq39JIGwAIB0gIkMmVkMTZlMGQtMTgwNS00ZjExLWE2N2UtN2I4ZTFmZTZiNDhi2AIE4AIB&sid=9ba4999c4e929c8e359d6d62c14c1061&aid=397594&ucfs=1&arphpl=1&checkin=2022-04-22&checkout=2022-04-25&dest_id=-2113256&dest_type=city&group_adults=2&req_adults=2&no_rooms=1&group_children=0&req_children=0&hpos=13&hapos=63&sr_order=popularity&srpvid=d7223900e73b04ad&srepoch=1650269222&all_sr_blocks=762582701_333366901_2_0_0&highlighted_blocks=762582701_333366901_2_0_0&matching_block_id=762582701_333366901_2_0_0&sr_pri_blocks=762582701_333366901_2_0_0__463920&from=searchresults#hotelTmpl,3.1 km from center,,,,Double Room,"3 nights, 2 adults",1 twin bed,Only 1 room left at this price on our site,"Double Room
1 twin bed
FREE cancellation • No prepayment needed
You can cancel later, so lock in this great price today!
Only 1 room left at this price on our site",
"Royal Home Stay
Opens in new window","₹ 10,200",Tirupati,https://www.booking.com/hotel/in/royal-home-stay-tirupati.html?label=gog235jc-1DCAEoggI46AdIM1gDaGyIAQGYATG4ARfIAQ_YAQPoAQH4AQKIAgGoAgO4Asq39JIGwAIB0gIkMmVkMTZlMGQtMTgwNS00ZjExLWE2N2UtN2I4ZTFmZTZiNDhi2AIE4AIB&sid=9ba4999c4e929c8e359d6d62c14c1061&aid=397594&ucfs=1&arphpl=1&checkin=2022-04-22&checkout=2022-04-25&dest_id=-2113256&dest_type=city&group_adults=2&req_adults=2&no_rooms=1&group_children=0&req_children=0&hpos=14&hapos=64&sr_order=popularity&srpvid=d7223900e73b04ad&srepoch=1650269222&all_sr_blocks=774102101_335660475_2_0_0&highlighted_blocks=774102101_335660475_2_0_0&matching_block_id=774102101_335660475_2_0_0&sr_pri_blocks=774102101_335660475_2_0_0__1020000&from=searchresults#hotelTmpl,1 km from center,,,,Two-Bedroom Villa,"3 nights, 2 adults","Entire villa • 2 bedrooms • 1 living room • 2 bathrooms • 27m²
3 beds (1 king, 1 sofa bed, 1 queen)",,"Two-Bedroom Villa
Entire villa • 2 bedrooms • 1 living room • 2 bathrooms • 27m²
3 beds (1 king, 1 sofa bed, 1 queen)
FREE cancellation • No prepayment needed
You can cancel later, so lock in this great price today!",
"SPOT ON 71591 Srinivasa Residency
Opens in new window","₹ 2,562",Tirupati,https://www.booking.com/hotel/in/spot-on-71591-srinivasa-residency.html?label=gog235jc-1DCAEoggI46AdIM1gDaGyIAQGYATG4ARfIAQ_YAQPoAQH4AQKIAgGoAgO4Asq39JIGwAIB0gIkMmVkMTZlMGQtMTgwNS00ZjExLWE2N2UtN2I4ZTFmZTZiNDhi2AIE4AIB&sid=9ba4999c4e929c8e359d6d62c14c1061&aid=397594&ucfs=1&arphpl=1&checkin=2022-04-22&checkout=2022-04-25&dest_id=-2113256&dest_type=city&group_adults=2&req_adults=2&no_rooms=1&group_children=0&req_children=0&hpos=15&hapos=65&sr_order=popularity&srpvid=d7223900e73b04ad&srepoch=1650269222&all_sr_blocks=630847303_348342612_2_0_0&highlighted_blocks=630847303_348342612_2_0_0&matching_block_id=630847303_348342612_2_0_0&sr_pri_blocks=630847303_348342612_2_0_0__256156&from=searchresults#hotelTmpl,450 m from center,4.4,Review score ,7 reviews,Triple Room with Bathroom,"3 nights, 2 adults",1 king bed,,"Triple Room with Bathroom
1 king bed
Free cancellation
You can cancel later, so lock in this great price today!",
"Capital O 87241 Hotel Mvr Grand
Opens in new window","₹ 4,715",Tirupati,https://www.booking.com/hotel/in/capital-o-87241-mvr-grand.html?label=gog235jc-1DCAEoggI46AdIM1gDaGyIAQGYATG4ARfIAQ_YAQPoAQH4AQKIAgGoAgO4Asq39JIGwAIB0gIkMmVkMTZlMGQtMTgwNS00ZjExLWE2N2UtN2I4ZTFmZTZiNDhi2AIE4AIB&sid=9ba4999c4e929c8e359d6d62c14c1061&aid=397594&ucfs=1&arphpl=1&checkin=2022-04-22&checkout=2022-04-25&dest_id=-2113256&dest_type=city&group_adults=2&req_adults=2&no_rooms=1&group_children=0&req_children=0&hpos=16&hapos=66&sr_order=popularity&srpvid=d7223900e73b04ad&srepoch=1650269222&all_sr_blocks=826796102_347152153_2_0_0&highlighted_blocks=826796102_347152153_2_0_0&matching_block_id=826796102_347152153_2_0_0&sr_pri_blocks=826796102_347152153_2_0_0__471542&from=searchresults#hotelTmpl,350 m from center,,,,Classic Triple Room,"3 nights, 2 adults",1 king bed,,"Classic Triple Room
1 king bed
FREE cancellation • No prepayment needed
You can cancel later, so lock in this great price today!",
"Family villa house / Vidhan homestays
Opens in new window","₹ 8,700",Tirupati,https://www.booking.com/hotel/in/family-villa-house-vidhan-homestays.html?label=gog235jc-1DCAEoggI46AdIM1gDaGyIAQGYATG4ARfIAQ_YAQPoAQH4AQKIAgGoAgO4Asq39JIGwAIB0gIkMmVkMTZlMGQtMTgwNS00ZjExLWE2N2UtN2I4ZTFmZTZiNDhi2AIE4AIB&sid=9ba4999c4e929c8e359d6d62c14c1061&aid=397594&ucfs=1&arphpl=1&checkin=2022-04-22&checkout=2022-04-25&dest_id=-2113256&dest_type=city&group_adults=2&req_adults=2&no_rooms=1&group_children=0&req_children=0&hpos=17&hapos=67&sr_order=popularity&srpvid=d7223900e73b04ad&srepoch=1650269222&all_sr_blocks=783598101_337830463_7_0_0&highlighted_blocks=783598101_337830463_7_0_0&matching_block_id=783598101_337830463_7_0_0&sr_pri_blocks=783598101_337830463_7_0_0__870000&from=searchresults#hotelTmpl,2.9 km from center,,,,Two-Bedroom Villa,"3 nights, 2 adults","Entire villa • 2 bedrooms • 1 living room • 2 bathrooms • 750m²
4 beds (1 full, 1 sofa bed, 2 queens)",,"Two-Bedroom Villa
Entire villa • 2 bedrooms • 1 living room • 2 bathrooms • 750m²
4 beds (1 full, 1 sofa bed, 2 queens)
FREE cancellation • No prepayment needed
You can cancel later, so lock in this great price today!",
"Hotel Pasuparthy Residency
Opens in new window","₹ 3,600",Tirupati,https://www.booking.com/hotel/in/pasuparthy-residency.html?label=gog235jc-1DCAEoggI46AdIM1gDaGyIAQGYATG4ARfIAQ_YAQPoAQH4AQKIAgGoAgO4Asq39JIGwAIB0gIkMmVkMTZlMGQtMTgwNS00ZjExLWE2N2UtN2I4ZTFmZTZiNDhi2AIE4AIB&sid=9ba4999c4e929c8e359d6d62c14c1061&aid=397594&ucfs=1&arphpl=1&checkin=2022-04-22&checkout=2022-04-25&dest_id=-2113256&dest_type=city&group_adults=2&req_adults=2&no_rooms=1&group_children=0&req_children=0&hpos=18&hapos=68&sr_order=popularity&srpvid=d7223900e73b04ad&srepoch=1650269222&all_sr_blocks=87967402_110907302_0_0_0&highlighted_blocks=87967402_110907302_0_0_0&matching_block_id=87967402_110907302_0_0_0&sr_pri_blocks=87967402_110907302_0_0_0__360000&from=searchresults#hotelTmpl,250 m from center,6.0,Review score ,37 reviews,Deluxe Double Room with Fan,"3 nights, 2 adults",1 full bed,,"Deluxe Double Room with Fan
1 full bed
Free cancellation
You can cancel later, so lock in this great price today!
Only 2 rooms left at this price on our site",
"pickurstay 4517 Kalyan
Opens in new window","₹ 8,400",Tirupati,https://www.booking.com/hotel/in/pickurstay-kalyan-residency.html?label=gog235jc-1DCAEoggI46AdIM1gDaGyIAQGYATG4ARfIAQ_YAQPoAQH4AQKIAgGoAgO4Asq39JIGwAIB0gIkMmVkMTZlMGQtMTgwNS00ZjExLWE2N2UtN2I4ZTFmZTZiNDhi2AIE4AIB&sid=9ba4999c4e929c8e359d6d62c14c1061&aid=397594&ucfs=1&arphpl=1&checkin=2022-04-22&checkout=2022-04-25&dest_id=-2113256&dest_type=city&group_adults=2&req_adults=2&no_rooms=1&group_children=0&req_children=0&hpos=19&hapos=69&sr_order=popularity&srpvid=d7223900e73b04ad&srepoch=1650269222&all_sr_blocks=709758301_295795738_2_0_0&highlighted_blocks=709758301_295795738_2_0_0&matching_block_id=709758301_295795738_2_0_0&sr_pri_blocks=709758301_295795738_2_0_0__840000&from=searchresults#hotelTmpl,0.7 km from center,,,,Superior Double Room,"3 nights, 2 adults",1 queen bed,,"Superior Double Room
1 queen bed
FREE cancellation • No prepayment needed
You can cancel later, so lock in this great price today!
Only 5 rooms left at this price on our site",
"Hotel Bhimas Paradise
Opens in new window","₹ 7,497",Tirupati,https://www.booking.com/hotel/in/bhimas-paradise.html?label=gog235jc-1DCAEoggI46AdIM1gDaGyIAQGYATG4ARfIAQ_YAQPoAQH4AQKIAgGoAgO4Asq39JIGwAIB0gIkMmVkMTZlMGQtMTgwNS00ZjExLWE2N2UtN2I4ZTFmZTZiNDhi2AIE4AIB&sid=9ba4999c4e929c8e359d6d62c14c1061&aid=397594&ucfs=1&arphpl=1&checkin=2022-04-22&checkout=2022-04-25&dest_id=-2113256&dest_type=city&group_adults=2&req_adults=2&no_rooms=1&group_children=0&req_children=0&hpos=20&hapos=70&sr_order=popularity&srpvid=d7223900e73b04ad&srepoch=1650269222&all_sr_blocks=88698904_124853144_2_0_0&highlighted_blocks=88698904_124853144_2_0_0&matching_block_id=88698904_124853144_2_0_0&sr_pri_blocks=88698904_124853144_2_0_0__749700&from=searchresults#hotelTmpl,1 km from center,6.7,Review score ,78 reviews,Deluxe Double Room with AC,"3 nights, 2 adults","2 beds (1 full, 1 futon)",Only 1 room left at this price on our site,"Deluxe Double Room with AC
2 beds (1 full, 1 futon)
FREE cancellation • No prepayment needed
You can cancel later, so lock in this great price today!
Only 1 room left at this price on our site",
"Collection O 6637 Udayees Hotel Bvn Grand
Opens in new window","₹ 4,656",Tirupati,https://www.booking.com/hotel/in/udayees-bvn-grand.html?label=gog235jc-1DCAEoggI46AdIM1gDaGyIAQGYATG4ARfIAQ_YAQPoAQH4AQKIAgGoAgO4Asq39JIGwAIB0gIkMmVkMTZlMGQtMTgwNS00ZjExLWE2N2UtN2I4ZTFmZTZiNDhi2AIE4AIB&sid=9ba4999c4e929c8e359d6d62c14c1061&aid=397594&ucfs=1&arphpl=1&checkin=2022-04-22&checkout=2022-04-25&dest_id=-2113256&dest_type=city&group_adults=2&req_adults=2&no_rooms=1&group_children=0&req_children=0&hpos=21&hapos=71&sr_order=popularity&srpvid=d7223900e73b04ad&srepoch=1650269222&all_sr_blocks=194216901_339815383_2_0_0&highlighted_blocks=194216901_339815383_2_0_0&matching_block_id=194216901_339815383_2_0_0&sr_pri_blocks=194216901_339815383_2_0_0__465642&from_sustainable_property_sr=1&from=searchresults#hotelTmpl,1.4 km from center,4.0,Review score ,6 reviews,Classic Triple Room,"3 nights, 2 adults",1 king bed,,"Classic Triple Room
1 king bed
Free cancellation
You can cancel later, so lock in this great price today!",
"RUPA RESIDENCY
Opens in new window","₹ 3,597",Tirupati,https://www.booking.com/hotel/in/rupa-residency.html?label=gog235jc-1DCAEoggI46AdIM1gDaGyIAQGYATG4ARfIAQ_YAQPoAQH4AQKIAgGoAgO4Asq39JIGwAIB0gIkMmVkMTZlMGQtMTgwNS00ZjExLWE2N2UtN2I4ZTFmZTZiNDhi2AIE4AIB&sid=9ba4999c4e929c8e359d6d62c14c1061&aid=397594&ucfs=1&arphpl=1&checkin=2022-04-22&checkout=2022-04-25&dest_id=-2113256&dest_type=city&group_adults=2&req_adults=2&no_rooms=1&group_children=0&req_children=0&hpos=22&hapos=72&sr_order=popularity&srpvid=d7223900e73b04ad&srepoch=1650269222&all_sr_blocks=767375601_334297558_2_0_0&highlighted_blocks=767375601_334297558_2_0_0&matching_block_id=767375601_334297558_2_0_0&sr_pri_blocks=767375601_334297558_2_0_0__359700&from=searchresults#hotelTmpl,8.7 km from center,,,,Family Room,"3 nights, 2 adults",Multiple bed types,,"Family Room
Multiple bed types
FREE cancellation • No prepayment needed
You can cancel later, so lock in this great price today!
Only 7 rooms left at this price on our site",
"OYO 82750 Sunshine Residency
Opens in new window","₹ 4,959",Tirupati,https://www.booking.com/hotel/in/pop-82750-sunshine-residency.html?label=gog235jc-1DCAEoggI46AdIM1gDaGyIAQGYATG4ARfIAQ_YAQPoAQH4AQKIAgGoAgO4Asq39JIGwAIB0gIkMmVkMTZlMGQtMTgwNS00ZjExLWE2N2UtN2I4ZTFmZTZiNDhi2AIE4AIB&sid=9ba4999c4e929c8e359d6d62c14c1061&aid=397594&ucfs=1&arphpl=1&checkin=2022-04-22&checkout=2022-04-25&dest_id=-2113256&dest_type=city&group_adults=2&req_adults=2&no_rooms=1&group_children=0&req_children=0&hpos=23&hapos=73&sr_order=popularity&srpvid=d7223900e73b04ad&srepoch=1650269222&all_sr_blocks=771331602_336341384_2_0_0&highlighted_blocks=771331602_336341384_2_0_0&matching_block_id=771331602_336341384_2_0_0&sr_pri_blocks=771331602_336341384_2_0_0__495851&from=searchresults#hotelTmpl,2.4 km from center,,,,Classic Triple Room,"3 nights, 2 adults",1 queen bed,Only 1 room left at this price on our site,"Classic Triple Room
1 queen bed
Free cancellation
You can cancel later, so lock in this great price today!
Only 1 room left at this price on our site",
"OYO 88232 Garuda Inn
Opens in new window","₹ 9,171",Tirupati,https://www.booking.com/hotel/in/oyo-88232-garuda-inn.html?label=gog235jc-1DCAEoggI46AdIM1gDaGyIAQGYATG4ARfIAQ_YAQPoAQH4AQKIAgGoAgO4Asq39JIGwAIB0gIkMmVkMTZlMGQtMTgwNS00ZjExLWE2N2UtN2I4ZTFmZTZiNDhi2AIE4AIB&sid=9ba4999c4e929c8e359d6d62c14c1061&aid=397594&ucfs=1&arphpl=1&checkin=2022-04-22&checkout=2022-04-25&dest_id=-2113256&dest_type=city&group_adults=2&req_adults=2&no_rooms=1&group_children=0&req_children=0&hpos=24&hapos=74&sr_order=popularity&srpvid=d7223900e73b04ad&srepoch=1650269222&all_sr_blocks=837076402_350317873_2_0_0&highlighted_blocks=837076402_350317873_2_0_0&matching_block_id=837076402_350317873_2_0_0&sr_pri_blocks=837076402_350317873_2_0_0__917142&from=searchresults#hotelTmpl,3.2 km from center,,,,Classic Triple Room,"3 nights, 2 adults",2 king beds,,"Classic Triple Room
2 king beds
Free cancellation
You can cancel later, so lock in this great price today!",
"SLS Service Apartments
Opens in new window","₹ 7,560",Tirupati,https://www.booking.com/hotel/in/sls-service-apartments.html?label=gog235jc-1DCAEoggI46AdIM1gDaGyIAQGYATG4ARfIAQ_YAQPoAQH4AQKIAgGoAgO4Asq39JIGwAIB0gIkMmVkMTZlMGQtMTgwNS00ZjExLWE2N2UtN2I4ZTFmZTZiNDhi2AIE4AIB&sid=9ba4999c4e929c8e359d6d62c14c1061&aid=397594&ucfs=1&arphpl=1&checkin=2022-04-22&checkout=2022-04-25&dest_id=-2113256&dest_type=city&group_adults=2&req_adults=2&no_rooms=1&group_children=0&req_children=0&hpos=25&hapos=75&sr_order=popularity&srpvid=d7223900e73b04ad&srepoch=1650269222&all_sr_blocks=764113302_333464157_1_0_0%2C764113302_333464157_1_0_0&highlighted_blocks=764113302_333464157_1_0_0%2C764113302_333464157_1_0_0&matching_block_id=764113302_333464157_1_0_0&sr_pri_blocks=764113302_333464157_1_0_0__378000%2C764113302_333464157_1_0_0__378000&from=searchresults#hotelTmpl,2.8 km from center,,,,Single Room with Mountain View,"3 nights, 2 adults",2 twin beds,,"Single Room with Mountain View
2 twin beds
FREE cancellation • No prepayment needed
You can cancel later, so lock in this great price today!",